Workbook

Sheet BOX SUMMARY 2026
A1: OLD | F1: NEW
A2: CARDBOARD | F2: CARDBOARD
A3: SIZE | B3: QTY | C3: UOM | D3: PRICE | F3: SIZE | G3: QTY | H3: UOM | I3: PRICE
A4: 7x10 | B4: 300 | C4: PCS | D4: 65 | F4: 8x8 | G4: 1500 | H4: PCS | I4: 52.5
A5: 8x8 | B5: 2000 | C5: PCS | D5: 65 | F5: 8x12 | G5: 855 | H5: PCS | I5: 73.5
A6: 8x12 | B6: 1440 | C6: PCS | D6: 115 | F6: 10x10 | G6: 995 | H6: PCS | I6: 73.5
A7: 10x10 | B7: 110 | C7: PCS | D7: 115 | F7: 10x15 | G7: 800 | H7: PCS | I7: 105
A8: 10x15 | B8: 540 | C8: PCS | D8: 130 | F8: 12x12 | G8: 997 | H8: PCS | I8: 131.25
A9: 11x11 | B9: 100 | C9: PCS | D9: 130 | F9: 12x18 | G9: 698 | H9: PCS | I9: 168
A10: 12x12 | B10: 70 | C10: PCS | D10: 130
A11: 12x18 | B11: 40 | C11: PCS | D11: 180
A12: SPECIAL | F12: SPECIAL
A13: SIZE | B13: QTY | C13: UOM | D13: PRICE | F13: SIZE | G13: QTY | H13: UOM | I13: PRICE
A14: 2x1 | B14: 366 | C14: PCS | D14: 280-380 | F14: 2x1 | G14: 300 | H14: PCS | I14: 178.5
A15: 3x1 | B15: 211 | C15: PCS | D15: 315-455 | F15: 3x1 | G15: 400 | H15: PCS | I15: 220.5
A16: 4+2 | B16: 72 | C16: PCS | D16: 630 | F16: 4x1 | G16: 250 | H16: PCS | I16: 299.25
A17: 4x1 | B17: 197 | C17: PCS | D17: 435-575 | F17: 4x1 + Carry | G17: 50 | H17: PCS | I17: 299.25
A18: 6x1 | B18: 361 | C18: PCS | D18: 605-685 | F18: 6x1 | G18: 399 | H18: PCS | I18: 393.75
A19: Big | B19: 60 | C19: PCS

Sheet 2026 - NEW
A1: SNO | B1: Combined | C1: Qty | D1: UOM | E1: PRICE | F1: CATEGORY | G1: Google Link | H1: Image | I1: Wt | J1: Design Name | K1: Dash | L1: Size | M1: TYPE | N1: PART
A2: 1 | B2: =J2&K2&L2 -> SC01-8x8 | D2: Pcs | E2: 65 | F2: CARDBOARD BOXES | G2: SC01-200G.jpeg | H2: YES | I2: 200G | J2: SC01 | K2: - | L2: 8x8 | M2: NEW | N2: 4
A3: 2 | B3: =J3&K3&L3 -> SC03-8x8 | D3: Pcs | E3: 65 | F3: CARDBOARD BOXES | G3: SC03-8x8.jpeg | H3: YES | I3: 200G | J3: SC03 | K3: - | L3: 8x8 | M3: NEW | N3: 4
A4: 3 | B4: =J4&K4&L4 -> SC06-8x8 | D4: Pcs | E4: 65 | F4: CARDBOARD BOXES | G4: SC06-8x8.jpeg | H4: YES | I4: 200G | J4: SC06 | K4: - | L4: 8x8 | M4: NEW | N4: 4
A5: 4 | B5: =J5&K5&L5 -> SC08-8x8 | D5: Pcs | E5: 65 | F5: CARDBOARD BOXES | G5: SC08-8x8.jpeg | H5: YES | I5: 200G | J5: SC08 | K5: - | L5: 8x8 | M5: NEW | N5: 4
A6: 5 | B6: =J6&K6&L6 -> SC10-8x8 | D6: Pcs | E6: 65 | F6: CARDBOARD BOXES | G6: SC10-8x8.jpeg | H6: YES | I6: 200G | J6: SC10 | K6: - | L6: 8x8 | M6: NEW | N6: 4
A7: 6 | B7: =J7&K7&L7 -> SC11-8x8 | D7: Pcs | E7: 65 | F7: CARDBOARD BOXES | G7: SC11-8x8.jpeg | H7: YES | I7: 200G | J7: SC11 | K7: - | L7: 8x8 | M7: NEW | N7: 4
A8: 7 | B8: =J8&K8&L8 -> SC04-8x12 | D8: Pcs | E8: 95 | F8: CARDBOARD BOXES | G8: SC04-8x12.jpeg | H8: YES | I8: 300G | J8: SC04 | K8: - | L8: 8x12 | M8: NEW | N8: 6
A9: 8 | B9: =J9&K9&L9 -> SC05-8x12 | D9: Pcs | E9: 95 | F9: CARDBOARD BOXES | G9: SC05-8x12.jpeg | H9: YES | I9: 300G | J9: SC05 | K9: - | L9: 8x12 | M9: NEW | N9: 6
A10: 9 | B10: =J10&K10&L10 -> SC06-8x12 | D10: Pcs | E10: 95 | F10: CARDBOARD BOXES | G10: SC06-8x12.jpeg | H10: YES | I10: 300G | J10: SC06 | K10: - | L10: 8x12 | M10: NEW | N10: 6
A11: 10 | B11: =J11&K11&L11 -> SC08-8x12 | D11: Pcs | E11: 95 | F11: CARDBOARD BOXES | G11: SC08-8x12.jpeg | H11: YES | I11: 300G | J11: SC08 | K11: - | L11: 8x12 | M11: NEW | N11: 6
A12: 11 | B12: =J12&K12&L12 -> SC09-8x12 | D12: Pcs | E12: 95 | F12: CARDBOARD BOXES | G12: SC09-8x12.jpeg | H12: YES | I12: 300G | J12: SC09 | K12: - | L12: 8x12 | M12: NEW | N12: 6
A13: 12 | B13: =J13&K13&L13 -> SC12-8x12 | D13: Pcs | E13: 95 | F13: CARDBOARD BOXES | G13: SC12-8x12.jpeg | H13: YES | I13: 300G | J13: SC12 | K13: - | L13: 8x12 | M13: NEW | N13: 6
... A42: 41 | B42: =J42&K42&L42 -> SC10-12x18 | D42: Pcs | E42: 220 | F42: CARDBOARD BOXES | G42: SC10-12x18.jpeg | H42: YES | I42: 900G | J42: SC10 | K42: - | L42: 12x18 | M42: NEW | N42: 6
A43: 42 | B43: =J43&K43&L43 -> S01-2x1 | C43: 70 | D43: Pcs | E43: 235 | F43: SPECIAL BOXES | G43: S01-2x1 | H43: YES | I43: 400G | J43: S01 | K43: - | L43: 2x1 | M43: NEW | N43: 2
A44: 43 | B44: =J44&K44&L44 -> S02-2x1 | C44: 50 | D44: Pcs | E44: 235 | F44: SPECIAL BOXES | G44: S02-2x1 | H44: YES | I44: 400G | J44: S02 | K44: - | L44: 2x1 | M44: NEW | N44: 2
A45: 44 | B45: =J45&K45&L45 -> S03-2x1 | C45: 80 | D45: Pcs | E45: 235 | F45: SPECIAL BOXES | G45: S03-2x1 | H45: YES | I45: 400G | J45: S03 | K45: - | L45: 2x1 | M45: NEW | N45: 2
A46: 45 | B46: =J46&K46&L46 -> S04-2x1 | C46: 50 | D46: Pcs | E46: 235 | F46: SPECIAL BOXES | G46: S04-2x1 | H46: YES | I46: 400G | J46: S04 | K46: - | L46: 2x1 | M46: NEW | N46: 2
A47: 46 | B47: =J47&K47&L47 -> S05-2x1 | C47: 50 | D47: Pcs | E47: 235 | F47: SPECIAL BOXES | G47: S05-2x1 | H47: YES | I47: 400G | J47: S05 | K47: - | L47: 2x1 | M47: NEW | N47: 2
A48: 47 | B48: =J48&K48&L48 -> S07-3x1 | C48: 100 | D48: Pcs | E48: 285 | F48: SPECIAL BOXES | G48: S07-3x1 | H48: YES | I48: 600G | J48: S07 | K48: - | L48: 3x1 | M48: NEW | N48: 3
A49: 48 | B49: =J49&K49&L49 -> S08-3x1 | C49: 100 | D49: Pcs | E49: 285 | F49: SPECIAL BOXES | G49: S08-3x1 | H49: YES | I49: 600G | J49: S08 | K49: - | L49: 3x1 | M49: NEW | N49: 3
A50: 49 | B50: =J50&K50&L50 -> S09-3x1 | C50: 40 | D50: Pcs | E50: 285 | F50: SPECIAL BOXES | G50: S09-3x1 | H50: YES | I50: 600G | J50: S09 | K50: - | L50: 3x1 | M50: NEW | N50: 3
A51: 50 | B51: =J51&K51&L51 -> S10-3x1 | C51: 120 | D51: Pcs | E51: 285 | F51: SPECIAL BOXES | G51: S10-3x1 | H51: YES | I51: 600G | J51: S10 | K51: - | L51: 3x1 | M51: NEW | N51: 3
A52: 51 | B52: =J52&K52&L52 -> S11-3x1 | C52: 40 | D52: Pcs | E52: 285 | F52: SPECIAL BOXES | G52: S11-3x1 | H52: YES | I52: 600G | J52: S11 | K52: - | L52: 3x1 | M52: NEW | N52: 3
A53: 52 | B53: =J53&K53&L53 -> S12-4x1 | C53: 50 | D53: Pcs | E53: 390 | F53: SPECIAL BOXES | G53: S12-4x1 | H53: YES | I53: 800G | J53: S12 | K53: - | L53: 4x1 | M53: NEW | N53: 4
A54: 53 | B54: =J54&K54&L54 -> S13-4x1 | C54: 100 | D54: Pcs | E54: 390 | F54: SPECIAL BOXES | G54: S13-4x1 | H54: YES | I54: 800G | J54: S13 | K54: - | L54: 4x1 | M54: NEW | N54: 4
... A64: 63 | B64: =J64&K64&L64 -> 264A-3x1 | C64: 24 | D64: Pcs | E64: 415 | F64: SPECIAL BOXES | G64: 264A 3 X 1.jpg | H64: YES | I64: 300 G | J64: 264A | K64: - | L64: 3x1 | M64: OLD | N64: 3
A65: 64 | B65: =J65&K65&L65 -> 2005-3x1 | C65: 12 | D65: Pcs | E65: 415 | F65: SPECIAL BOXES | I65: 300G | J65: 2005 | K65: - | L65: 3x1 | M65: OLD | N65: 3
A66: 65 | B66: =J66&K66&L66 -> 225A-3x1 | C66: 12 | D66: Pcs | E66: 555 | F66: SPECIAL BOXES | I66: 300G | J66: 225A | K66: - | L66: 3x1 | M66: OLD | N66: 3
A67: 66 | B67: =J67&K67&L67 -> 275B-3x1 | C67: 30 | D67: Pcs | E67: 555 | F67: SPECIAL BOXES | I67: 600G | J67: 275B | K67: - | L67: 3x1 | M67: OLD | N67: 3
A68: 67 | B68: =J68&K68&L68 -> 215B-3x1 | C68: 23 | D68: Pcs | E68: 555 | F68: SPECIAL BOXES | I68: 300G | J68: 215B | K68: - | L68: 3x1 | M68: OLD | N68: 3
A69: 68 | B69: =J69&K69&L69 -> 325-3x1 | C69: 24 | D69: Pcs | E69: 595 | F69: SPECIAL BOXES | I69: 450G | J69: 325 | K69: - | L69: 3x1 | M69: OLD | N69: 3
A70: 69 | B70: =J70&K70&L70 -> 335-3x1 | C70: 24 | D70: Pcs | E70: 595 | F70: SPECIAL BOXES | I70: 600G | J70: 335 | K70: - | L70: 3x1 | M70: OLD | N70: 3
A71: 70 | B71: =J71&K71&L71 -> 214A-2x1 | C71: 30 | D71: Pcs | E71: 365 | F71: SPECIAL BOXES | G71: 214A 2 X 1.png | H71: YES | I71: 400 G | J71: 214A | K71: - | L71: 2x1 | M71: OLD | N71: 2
A72: 71 | B72: =J72&K72&L72 -> 224A-2x1 | C72: 29 | D72: Pcs | E72: 365 | F72: SPECIAL BOXES | G72: 224A 2 X 1.jpg | H72: YES | I72: 400 G | J72: 224A | K72: - | L72: 2x1 | M72: OLD | N72: 2
A73: 72 | B73: =J73&K73&L73 -> 224B-2x1 | C73: 46 | D73: Pcs | E73: 365 | F73: SPECIAL BOXES | G73: 224B 2 X 1.jpg | H73: YES | I73: 400 G | J73: 224B | K73: - | L73: 2x1 | M73: OLD | N73: 2
A74: 73 | B74: =J74&K74&L74 -> 294A-2x1 | C74: 40 | D74: Pcs | E74: 365 | F74: SPECIAL BOXES | G74: 294A 2 X 1.png | H74: YES | I74: 200 G | J74: 294A | K74: - | L74: 2x1 | M74: OLD | N74: 2
A75: 74 | B75: =J75&K75&L75 -> 2005-2x1 | C75: 29 | D75: Pcs | E75: 345 | F75: SPECIAL BOXES | I75: 200G | J75: 2005 | K75: - | L75: 2x1 | M75: OLD | N75: 2
A76: 75 | B76: =J76&K76&L76 -> 2015-2x1 | C76: 21 | D76: Pcs | E76: 345 | F76: SPECIAL BOXES | I76: 200G | J76: 2015 | K76: - | L76: 2x1 | M76: OLD | N76: 2
A77: 76 | B77: =J77&K77&L77 -> 225A-2x1 | C77: 6 | D77: Pcs | E77: 490 | F77: SPECIAL BOXES | I77: 200G | J77: 225A | K77: - | L77: 2x1 | M77: OLD | N77: 2
A78: 77 | B78: =J78&K78&L78 -> 235B-2x1 | C78: 30 | D78: Pcs | E78: 495 | F78: SPECIAL BOXES | I78: 300G | J78: 235B | K78: - | L78: 2x1 | M78: OLD | N78: 2
A79: 78 | B79: =J79&K79&L79 -> 275B-2x1 | C79: 28 | D79: Pcs | E79: 495 | F79: SPECIAL BOXES | I79: 400G | J79: 275B | K79: - | L79: 2x1 | M79: OLD | N79: 2
A80: 79 | B80: =J80&K80&L80 -> 245B-2x1 | C80: 30 | D80: Pcs | E80: 495 | F80: SPECIAL BOXES | I80: 300G | J80: 245B | K80: - | L80: 2x1 | M80: OLD | N80: 2
A81: 80 | B81: =J81&K81&L81 -> 265B-2x1 | C81: 22 | D81: Pcs | E81: 495 | F81: SPECIAL BOXES | I81: 400G | J81: 265B | K81: - | L81: 2x1 | M81: OLD | N81: 2
A82: 81 | B82: =J82&K82&L82 -> 215B-2x1 | C82: 23 | D82: Pcs | E82: 495 | F82: SPECIAL BOXES | I82: 200G | J82: 215B | K82: - | L82: 2x1 | M82: OLD | N82: 2
A83: 82 | B83: =J83&K83&L83 -> 235A-2x1 | C83: 17 | D83: Pcs | E83: 495 | F83: SPECIAL BOXES | I83: 300G | J83: 235A | K83: - | L83: 2x1 | M83: OLD | N83: 2
A84: 83 | B84: =J84&K84&L84 -> 2005-4x1 | C84: 28 | D84: Pcs | E84: 570 | F84: SPECIAL BOXES | I84: 400G | J84: 2005 | K84: - | L84: 4x1 | M84: OLD | N84: 4
A85: 84 | B85: =J85&K85&L85 -> 235B-4x1 | C85: 24 | D85: Pcs | E85: 675 | F85: SPECIAL BOXES | I85: 600G | J85: 235B | K85: - | L85: 4x1 | M85: OLD | N85: 4
A86: 85 | B86: =J86&K86&L86 -> 215B-4x1 | C86: 28 | D86: Pcs | E86: 675 | F86: SPECIAL BOXES | I86: 400G | J86: 215B | K86: - | L86: 4x1 | M86: OLD | N86: 4
... A89: 88 | B89: =J89&K89&L89 -> 7004-4x1 | C89: 40 | D89: Pcs | E89: 750 | F89: SPECIAL BOXES | I89: 600G | J89: 7004 | K89: - | L89: 4x1 | M89: OLD | N89: 4
A90: 89 | B90: =J90&K90&L90 -> 214A-4x1 | C90: 6 | D90: Pcs | E90: 680 | F90: SPECIAL BOXES | G90: 214A 4 X 1.png | H90: YES | I90: 800 G | J90: 214A | K90: - | L90: 4x1 | M90: OLD | N90: 4
A91: 90 | B91: =J91&K91&L91 -> 235B-6x1 | C91: 18 | D91: Pcs | E91: 820 | F91: SPECIAL BOXES | I91: 900G | J91: 235B | K91: - | L91: 6x1 | M91: OLD | N91: 6
A92: 91 | B92: =J92&K92&L92 -> 215B-6x1 | C92: 30 | D92: Pcs | E92: 820 | F92: SPECIAL BOXES | I92: 600G | J92: 215B | K92: - | L92: 6x1 | M92: OLD | N92: 6
A93: 92 | B93: =J93&K93&L93 -> 235A-6x1 | C93: 24 | D93: Pcs | E93: 820 | F93: SPECIAL BOXES | I93: 900G | J93: 235A | K93: - | L93: 6x1 | M93: OLD | N93: 6
A94: 93 | B94: =J94&K94&L94 -> 205B-6x1 | C94: 57 | D94: Pcs | E94: 820 | F94: SPECIAL BOXES | I94: 600G | J94: 205B | K94: - | L94: 6x1 | M94: OLD | N94: 6
A95: 94 | B95: =J95&K95&L95 -> 325-6x1 | C95: 6 | D95: Pcs | E95: 790 | F95: SPECIAL BOXES | I95: 900G | J95: 325 | K95: - | L95: 6x1 | M95: OLD | N95: 6
A96: 95 | B96: =J96&K96&L96 -> 335-6x1 | C96: 18 | D96: Pcs | E96: 790 | F96: SPECIAL BOXES | I96: 1200G | J96: 335 | K96: - | L96: 6x1 | M96: OLD | N96: 6
A97: 96 | B97: =J97&K97&L97 -> 7005-6x1 | C97: 49 | D97: Pcs | E97: 895 | F97: SPECIAL BOXES | I97: 300G | J97: 7005 | K97: - | L97: 6x1 | M97: OLD | N97: 6
A98: 97 | B98: =J98&K98&L98 -> 224B-6x1 | C98: 11 | D98: Pcs | E98: 820 | F98: SPECIAL BOXES | G98: 224B 6 X 1.jpg | H98: YES | I98: 1200 G | J98: 224B | K98: - | L98: 6x1 | M98: OLD | N98: 6
A99: 98 | B99: =J99&K99&L99 -> 264A-6x1 | C99: 22 | D99: Pcs | E99: 820 | F99: SPECIAL BOXES | G99: 264A 6 X 1.png | H99: YES | I99: 600 G | J99: 264A | K99: - | L99: 6x1 | M99: OLD | N99: 6
A100: 99 | B100: =J100&K100&L100 -> 224A-6x1 | C100: 6 | D100: Pcs | E100: 820 | F100: SPECIAL BOXES | G100: 224A 6 X 1.jpg | H100: YES | I100: 1200 G | J100: 224A | K100: - | L100: 6x1 | M100: OLD | N100: 6
A101: 100 | B101: =J101&K101&L101 -> MIX-7x10 | C101: 300 | D101: Pcs | E101: 85 | F101: CARDBOARD BOXES | G101: NO | I101: 200G | J101: MIX | K101: - | L101: 7x10 | M101: OLD | N101: 4
A102: 101 | B102: =J102&K102&L102 -> MIX-8x8 | C102: 2000 | D102: Pcs | E102: 85 | F102: CARDBOARD BOXES | G102: NO | I102: 200G | J102: MIX | K102: - | L102: 8x8 | M102: OLD | N102: 4
A103: 102 | B103: =J103&K103&L103 -> MIX-8x12 | C103: 1440 | D103: Pcs | E103: 150 | F103: CARDBOARD BOXES | G103: NO | I103: 200G | J103: MIX | K103: - | L103: 8x12 | M103: OLD | N103: 4
A104: 103 | B104: =J104&K104&L104 -> MIX-10x10 | C104: 110 | D104: Pcs | E104: 15 | F104: CARDBOARD BOXES | G104: NO | I104: 400G | J104: MIX | K104: - | L104: 10x10 | M104: OLD | N104: 4
A105: 104 | B105: =J105&K105&L105 -> MIX-10x15 | C105: 450 | D105: Pcs | E105: 170 | F105: CARDBOARD BOXES | G105: NO | I105: 600G | J105: MIX | K105: - | L105: 10x15 | M105: OLD | N105: 6
A106: 105 | B106: =J106&K106&L106 -> MIX-12x12 | C106: 70 | D106: Pcs | E106: 170 | F106: CARDBOARD BOXES | G106: NO | I106: 800G | J106: MIX | K106: - | L106: 12x12 | M106: OLD | N106: 4
A107: 106 | B107: =J107&K107&L107 -> MIX-12x18 | C107: 40 | D107: Pcs | E107: 235 | F107: CARDBOARD BOXES | G107: NO | I107: 900G | J107: MIX | K107: - | L107: 12x18 | M107: OLD | N107: 6
A108: 107 | B108: =J108&K108&L108 -> 2051-11x11 | C108: 60 | D108: Pcs | E108: 155 | F108: CARDBOARD BOXES | I108: 400G | J108: 2051 | K108: - | L108: 11x11 | M108: OLD | N108: 4
A109: 108 | B109: =J109&K109&L109 -> 2049-11x11 | C109: 40 | D109: Pcs | E109: 155 | F109: CARDBOARD BOXES | I109: 400G | J109: 2049 | K109: - | L109: 11x11 | M109: OLD | N109: 4
A110: 109 | B110: =J110&K110&L110 -> 024-2x1 | C110: 5 | D110: Pcs | E110: 495 | F110: SPECIAL BOXES | I110: 400G | J110: 024 | K110: - | L110: 2x1 | M110: OLD | N110: 2
A111: 110 | B111: =J111&K111&L111 -> 025-6x1 | C111: 120 | D111: Pcs | E111: 820 | F111: SPECIAL BOXES | I111: 1200G | J111: 025 | K111: - | L111: 6x1 | M111: OLD | N111: 6
A112: 111 | B112: =J112&K112&L112 -> 025-2x1 | C112: 10 | D112: Pcs | E112: 495 | F112: SPECIAL BOXES | I112: 400G | J112: 025 | K112: - | L112: 2x1 | M112: OLD | N112: 2
A113: 112 | B113: =J113&K113&L113 -> 404-10x15 | C113: 90 | D113: Pcs | E113: 155 | F113: SPECIAL BOXES | G113: 404 10 X 15.jpeg | H113: YES | I113: 600G | J113: 404 | K113: - | L113: 10x15 | M113: OLD | N113: -
A114: 113 | B114: =J114&K114&L114 -> 1373A-Big | C114: 60 | D114: Pcs | E114: 1150 | F114: SPECIAL BOXES | G114: 1373A 4_1 BIG.jpg | H114: YES | I114: ? | J114: 1373A | K114: - | L114: Big | M114: OLD
A115: 114 | B115: =J115&K115&L115 -> 1225-4+2 | C115: 12 | D115: Pcs | E115: 820 | F115: SPECIAL BOXES | I115: 600G | J115: 1225 | K115: - | L115: 4+2 | M115: OLD | N115: 4
A116: 115 | B116: =J116&K116&L116 -> 1205-4+2 | C116: 30 | D116: Pcs | E116: 820 | F116: SPECIAL BOXES | I116: 600G | J116: 1205 | K116: - | L116: 4+2 | M116: OLD | N116: 4
A117: 116 | B117: =J117&K117&L117 -> 1215-4+2 | C117: 30 | D117: Pcs | E117: 820 | F117: SPECIAL BOXES | I117: 600G | J117: 1215 | K117: - | L117: 4+2 | M117: OLD | N117: 4
A118: 117 | B118: =J118&K118&L118 -> MN19-10x10 | C118: 100 | D118: Pcs | E118: 145 | F118: CARDBOARD BOXES | G118: MN19-10x10.jpg | H118: YES | I118: 400G | J118: MN19 | K118: - | L118: 10x10 | M118: NEW | N118: 4
A119: 118 | B119: =J119&K119&L119 -> MN20-10x10 | C119: 100 | D119: Pcs | E119: 145 | F119: CARDBOARD BOXES | G119: MN20-10x10.PNG | H119: YES | I119: 400G | J119: MN20 | K119: - | L119: 10x10 | M119: NEW | N119: 4
A120: 119 | B120: =J120&K120&L120 -> MN21-10x10 | C120: 100 | D120: Pcs | E120: 145 | F120: CARDBOARD BOXES | G120: MN21-10x10.PNG | H120: YES | I120: 400G | J120: MN21 | K120: - | L120: 10x10 | M120: NEW | N120: 4
A121: 120 | B121: =J121&K121&L121 -> MN22-10x10 | C121: 100 | D121: 52 | E121: 160 | F121: CARDBOARD BOXES | G121: MN22-10x10.PNG | H121: YES | I121: 400G | J121: MN22 | K121: - | L121: 10x10 | M121: NEW | N121: 4
A122: 121 | B122: =J122&K122&L122 -> MN23-10x10 | C122: 100 | D122: Pcs | E122: 160 | F122: CARDBOARD BOXES | G122: MN23-10x10.PNG | H122: YES | I122: 400G | J122: MN23 | K122: - | L122: 10x10 | M122: NEW | N122: 4
A123: 122 | B123: =J123&K123&L123 -> MN24-10x10 | C123: 100 | D123: Pcs | E123: 160 | F123: CARDBOARD BOXES | G123: MN24-10x10.PNG | H123: YES | I123: 400G | J123: MN24 | K123: - | L123: 10x10 | M123: NEW | N123: 4
A124: 123 | B124: =J124&K124&L124 -> MN25-12x18 | C124: 50 | D124: Pcs | E124: 235 | F124: CARDBOARD BOXES | G124: MN25-12x18.PNG | H124: YES | I124: 900G | J124: MN25 | K124: - | L124: 12x18 | M124: NEW | N124: 6
A125: 124 | B125: =J125&K125&L125 -> MN26-12x18 | C125: 50 | D125: Pcs | E125: 235 | F125: CARDBOARD BOXES | G125: MN26-12x18.PNG | H125: YES | I125: 900G | J125: MN26 | K125: - | L125: 12x18 | M125: NEW | N125: 6
A126: 125 | B126: =J126&K126&L126 -> MN27-12x18 | C126: 50 | D126: Pcs | E126: 260 | F126: CARDBOARD BOXES | G126: MN27-12x18.PNG | H126: YES | I126: 900G | J126: MN27 | K126: - | L126: 12x18 | M126: NEW
A127: 126 | B127: =J127&K127&L127 -> MN28-12x18 | C127: 50 | D127: Pcs | E127: 260 | F127: CARDBOARD BOXES | G127: MN28-12x18.PNG | H127: YES | I127: 900G | J127: MN28 | K127: - | L127: 12x18 | M127: NEW
A128: 127 | B128: =J128&K128&L128 -> MN29-11x11 | C128: 5 | D128: Pcs | E128: 715 | F128: SPECIAL BOXES | G128: MN29-11x11.PNG | H128: YES | I128: 600G | J128: MN29 | K128: - | L128: 11x11 | M128: NEW
A129: 128 | B129: =J129&K129&L129 -> MN30-SUIT | C129: 45 | D129: Pcs | E129: 1300 | F129: SPECIAL BOXES | G129: MN30.PNG | H129: YES | I129: - | J129: MN30 | K129: - | L129: SUIT | M129: NEW
A130: 129 | B130: =J130&K130&L130 -> MN50-4x1 | C130: 6 | D130: Pcs | E130: 910 | F130: SPECIAL BOXES | G130: MN50-4x1.jpg | H130: YES | I130: 600G | J130: MN50 | K130: - | L130: 4x1 | M130: NEW
A131: 130 | B131: =J131&K131&L131 -> MN51-4x1 | C131: 5 | D131: Pcs | E131: 910 | F131: SPECIAL BOXES | G131: MN51-4x1.PNG | H131: YES | I131: 800G | J131: MN51 | K131: - | L131: 4x1 | M131: NEW
A132: 131 | B132: =J132&K132&L132 -> MN52-4x1 | C132: 25 | D132: Pcs | E132: 780 | F132: SPECIAL BOXES | G132: MN52-4x1.jpg | H132: YES | I132: 600G | J132: MN52 | K132: - | L132: 4x1 | M132: NEW
A133: 132 | B133: =J133&K133&L133 -> MN52-6x1 | C133: 39 | D133: Pcs | E133: 1170 | F133: SPECIAL BOXES | G133: MN52-6x1.jpg | H133: YES | I133: 900G | J133: MN52 | K133: - | L133: 6x1 | M133: NEW
A134: 133 | B134: =J134&K134&L134 -> MN55-4+2 | C134: 25 | D134: Pcs | E134: 1170 | F134: SPECIAL BOXES | G134: MN55-4+2 | H134: YES | I134: 1250G | J134: MN55 | K134: - | L134: 4+2 | M134: NEW
A135: 134 | B135: =J135&K135&L135 -> MN55-6x1 | C135: 25 | D135: Pcs | E135: 975 | F135: SPECIAL BOXES | G135: MN55-6x1.PNG | H135: YES | I135: 900G | J135: MN55 | K135: - | L135: 6x1 | M135: NEW
A136: 135 | B136: =J136&K136&L136 -> MN55-4x1 | C136: 25 | D136: Pcs | E136: 780 | F136: SPECIAL BOXES | G136: MN55-4x1 | H136: YES | I136: 600G | J136: MN55 | K136: - | L136: 4x1 | M136: NEW
A137: 136 | B137: =J137&K137&L137 -> MN56-4x1 | C137: 5 | D137: Pcs | E137: 650 | F137: SPECIAL BOXES | G137: MN56-4x1.jpg | H137: YES | I137: 800G | J137: MN56 | K137: - | L137: 4x1 | M137: NEW
... A155: 154 | B155: =J155&K155&L155 -> MN67-4x1 | C155: 5 | D155: Pcs | E155: 780 | F155: SPECIAL BOXES | G155: MN67-4x1.jpg | H155: YES | I155: 1000G | J155: MN67 | K155: - | L155: 4x1 | M155: NEW
A156: 155 | B156: =J156&K156&L156 -> - | D156: Pcs | F156: CARDBOARD BOXES | K156: - | M156: OLD
...

Sheet RATES
A1: DRY FRUITS | B1: PRICE | C1: CATEGORY | F1: BOXES | G1: PRICE | H1: PUR | J1: PACKING | K1: PRICE
A2: KAJU | B2: 1180 | C2: REGULAR | F2: SC01-8x8 | G2: 65 | H2: 52.5 | J2: 8x8 | M2: SC01-8x8 | O2: 52.5
A3: KISHMISH GREEN | B3: 880 | C3: REGULAR | F3: SC03-8x8 | G3: 65 | H3: 52.5 | J3: 8x12 | M3: SC03-8x8 | O3: 52.5
A4: BADAM | B4: 1140 | C4: REGULAR | F4: SC06-8x8 | G4: 65 | H4: 52.5 | J4: 10x10 | M4: SC06-8x8 | O4: 52.5
A5: NAMKEEN PISTA | B5: 1880 | C5: REGULAR | F5: SC08-8x8 | G5: 65 | H5: 52.5 | J5: 11x11 | M5: SC08-8x8 | O5: 52.5
A6: KHURBANI | B6: 880 | C6: REGULAR | F6: SC10-8x8 | G6: 65 | H6: 52.5 | J6: 10x15 | M6: SC10-8x8 | O6: 52.5
A7: AKROT MAGAZ | B7: 1880 | C7: REGULAR | F7: SC11-8x8 | G7: 65 | H7: 52.5 | J7: 12x12 | M7: SC11-8x8 | O7: 52.5
A8: ANJEER | B8: 1840 | C8: REGULAR | F8: SC04-8x12 | G8: 95 | H8: 73.5 | J8: 12x18 | M8: SC04-8x12 | O8: 73.5
A9: NAMKEEN BADAM | B9: 1280 | C9: REGULAR | F9: SC05-8x12 | G9: 95 | H9: 73.5 | M9: SC05-8x12 | O9: 73.5
A10: NAMKEEN KAJU | B10: 1380 | C10: REGULAR | F10: SC06-8x12 | G10: 95 | H10: 73.5 | M10: SC06-8x12 | O10: 73.5
A11: FLAVOURED KISHMISH | B11: 1280 | C11: FLAVOURED | F11: SC08-8x12 | G11: 95 | H11: 73.5 | M11: SC08-8x12 | O11: 73.5
A12: FLAVOURED BADAM | B12: 1480 | C12: FLAVOURED | F12: SC09-8x12 | G12: 95 | H12: 73.5 | M12: SC09-8x12 | O12: 73.5
A13: FLAVOURED KAJU | B13: 1580 | C13: FLAVOURED | F13: SC12-8x12 | G13: 95 | H13: 73.5 | M13: SC12-8x12 | O13: 73.5
A14: COATED BADAM | B14: 1580 | C14: FLAVOURED | F14: SC01-10x10 | G14: 95 | H14: 73.5 | M14: SC01-10x10 | O14: 73.5
A15: COATED KISHMISH | B15: 1280 | C15: FLAVOURED | F15: SC04-10x10 | G15: 95 | H15: 73.5 | M15: SC04-10x10 | O15: 73.5
A16: BLUEBERRY | B16: 1880 | C16: BERRIES & SEEDS | F16: SC05-10x10 | G16: 95 | H16: 73.5 | M16: SC05-10x10 | O16: 73.5
A17: CRANBERRY | B17: 780 | C17: BERRIES & SEEDS | F17: SC06-10x10 | G17: 95 | H17: 73.5 | M17: SC06-10x10 | O17: 73.5
A18: MASALA CRANBERRY | B18: 940 | C18: BERRIES & SEEDS | F18: SC08-10x10 | G18: 95 | H18: 73.5 | M18: SC08-10x10 | O18: 73.5
A19: BREAKFAST MIX | B19: 1480 | C19: BERRIES & SEEDS | F19: SC09-10x10 | G19: 95 | H19: 73.5 | M19: SC09-10x10 | O19: 73.5
A20: TRAIL MIX | B20: 1480 | C20: BERRIES & SEEDS | F20: SC10-10x10 | G20: 95 | H20: 73.5 | M20: SC10-10x10 | O20: 73.5
... A31: DATE ALMONDS | B31: 1480 | C31: BITES & CHOCOLATES | F31: SC04-12x12 | G31: 170 | H31: 131.25 | M31: SC04-12x12 | O31: 131.25
F32: SC05-12x12 | G32: 170 | H32: 131.25 | M32: SC05-12x12 | O32: 131.25
F33: SC06-12x12 | G33: 170 | H33: 131.25 | M33: SC06-12x12 | O33: 131.25
F34: SC08-12x12 | G34: 170 | H34: 131.25 | M34: SC08-12x12 | O34: 131.25
F35: SC09-12x12 | G35: 170 | H35: 131.25 | M35: SC09-12x12 | O35: 131.25
F36: SC10-12x12 | G36: 170 | H36: 131.25 | M36: SC10-12x12 | O36: 131.25
F37: SC02-12x18 | G37: 220 | H37: 168 | M37: SC02-12x18 | O37: 168
F38: SC04-12x18 | G38: 220 | H38: 168 | M38: SC04-12x18 | O38: 168
F39: SC05-12x18 | G39: 220 | H39: 168 | M39: SC05-12x18 | O39: 168
F40: SC06-12x18 | G40: 220 | H40: 168 | M40: SC06-12x18 | O40: 168
F41: SC08-12x18 | G41: 220 | H41: 168 | M41: SC08-12x18 | O41: 168
F42: SC10-12x18 | G42: 220 | H42: 168 | M42: SC10-12x18 | O42: 168
F43: S01-2x1 | G43: 235 | H43: 178.5 | M43: S01-2x1 | O43: 178.5
... F113: 404-10x15 | G113: 155 | H113: 120 | M113: 404-10x15 | O113: 120
F114: 1373A-Big | G114: 1150 | H114: 900 | M114: 1373A-Big
F115: 1225-4+2 | G115: 820 | H115: 630 | M115: 1225-4+2 | O115: 630
F116: 1205-4+2 | G116: 820 | H116: 630 | M116: 1205-4+2 | O116: 630
F117: 1215-4+2 | G117: 820 | H117: 630 | M117: 1215-4+2 | O117: 630
F118: MN19-10x10 | G118: 145 | H118: 110 | M118: MN19-10x10 | O118: 110
F119: MN20-10x10 | G119: 145 | H119: 110 | M119: MN20-10x10 | O119: 110
F120: MN21-10x10 | G120: 145 | H120: 110 | M120: MN21-10x10 | O120: 110
F121: MN22-10x10 | G121: 160 | H121: 120 | M121: MN22-10x10 | O121: 120
F122: MN23-10x10 | G122: 160 | H122: 120 | M122: MN23-10x10 | O122: 120
F123: MN24-10x10 | G123: 160 | H123: 120 | M123: MN24-10x10 | O123: 120
F124: MN25-12x18 | G124: 235 | H124: 180 | M124: MN25-12x18 | O124: 180
F125: MN26-12x18 | G125: 235 | H125: 180 | M125: MN26-12x18 | O125: 180
F126: MN27-12x18 | G126: 260 | H126: 199 | M126: MN27-12x18 | O126: 199
... F128: MN29-11x11 | G128: 715 | H128: 549 | M128: MN29-11x11 | O128: 549
F129: MN30-SUIT | G129: =H129+H129*30/100 -> 1300 | H129: 1000 | M129: MN30-SUIT | O129: 1000
F130: MN50-4x1 | G130: 910 | H130: 699 | M130: MN50-4x1 | O130: 699
F131: MN51-4x1 | G131: 910 | H131: 699 | M131: MN51-4x1 | O131: 699
F132: MN52-4x1 | G132: 780 | H132: 599 | M132: MN52-4x1 | O132: 599
F133: MN52-6x1 | G133: 1170 | H133: 899 | M133: MN52-6x1 | O133: 899
F134: MN55-4+2 | G134: 1170 | H134: 899 | M134: MN55-4+2 | O134: 899
F135: MN55-6x1 | G135: 975 | H135: 751 | M135: MN55-6x1 | O135: 751
F136: MN55-4x1 | G136: 780 | H136: 599 | M136: MN55-4x1 | O136: 599
F137: MN56-4x1 | G137: 650 | H137: 499 | M137: MN56-4x1 | O137: 499
F138: MN56-6x1 | G138: 780 | H138: 599 | M138: MN56-6x1 | O138: 599
F139: MN59-6x1 | G139: 715 | H139: 549 | M139: MN59-6x1 | O139: 549
F140: MN60-4x1 | G140: 780 | H140: 599 | M140: MN60-4x1 | O140: 599
F141: MN61-4x1 | G141: 780 | H141: 599 | M141: MN61-4x1 | O141: 599
... F152: MN65-6x1 | G152: 750 | H152: 575 | M152: MN65-6x1 | O152: 575
B153: - | F153: MN66-4x1 | G153: 650 | H153: 499 | M153: MN66-4x1 | O153: 499
B154: - | F154: MN66-6x1 | G154: 720 | H154: 550 | M154: MN66-6x1 | O154: 550
B155: - | F155: MN67-4x1 | G155: 780 | H155: 599 | M155: MN67-4x1 | O155: 599
B156: -
B157: -
B158: -
B159: -
B160: -
B161: -
B162: -
B163: -
B164: -
B165: -
B166: -
B167: -
... B169: -

Sheet CALC
A1: 2x1 | G1: 3x1 - AJAY BHAII
A3: SNO | B3: PARTICULARS | C3: QTY | D3: RATE | E3: GROSS | G3: SNO | H3: PARTICULARS | I3: QTY | J3: RATE | K3: GROSS
A4: 1 | B4: KAJU | C4: 0.2 | D4: =VLOOKUP(B4,RATES!$A$1:$B$116,2,0) -> 1180 | E4: =C4*D4 -> 236 | G4: 1 | H4: FLAVOURED KAJU | I4: 0.2 | J4: 1180 | K4: =I4*J4 -> 236
A5: 2 | B5: BADAM | C5: 0.2 | D5: =VLOOKUP(B5,RATES!$A$1:$B$116,2,0) -> 1140 | E5: =C5*D5 -> 228 | G5: 2 | H5: FLAVOURED BADAM | I5: 0.2 | J5: =VLOOKUP(H5,RATES!$A$1:$B$116,2,0) -> 1480 | K5: =I5*J5 -> 296
A6: 3 | B6: 024-2x1 | C6: 1 | D6: =vlookup(B6,RATES!$F$1:$G$164,2,0) -> 495 | E6: =C6*D6 -> 495 | G6: 3 | H6: CRUNCHIES | I6: 0.2 | J6: =VLOOKUP(H6,RATES!$A$1:$B$116,2,0) -> 1480 | K6: =I6*J6 -> 296
A7: 4 | B7: PACKING CHARGES | C7: 1 | D7: 50 | E7: =C7*D7 -> 50 | G7: 4 | H7: 2015-3x1 | I7: 1 | J7: =vlookup(H7,RATES!$F$1:$G$164,2,0) -> #N/A | K7: =I7*J7 -> #N/A
A8: TOTAL | E8: =SUM(E4:E7) -> 1009 | G8: 5 | H8: PACKING CHARGES | I8: 1 | J8: 40 | K8: =I8*J8 -> 40
G9: TOTAL | K9: =SUM(K4:K8) -> #N/A
A13: 4x1 | G13: 6x1
A15: SNO | B15: PARTICULARS | C15: QTY | D15: RATE | E15: GROSS | G15: SNO | H15: PARTICULARS | I15: QTY | J15: RATE | K15: GROSS
A16: 1 | B16: PREMIUM NAMKEEN PISTA | C16: 0.2 | D16: =VLOOKUP(B16,RATES!$A$1:$B$116,2,0) -> #N/A | E16: =C16*D16 -> #N/A | G16: 1 | H16: MASALA CRANBERRY | I16: 0.2 | J16: 880 | K16: =I16*J16 -> 176
A17: 2 | B17: FLAVOURED KAJU | C17: 0.2 | D17: =VLOOKUP(B17,RATES!$A$1:$B$116,2,0) -> 1580 | E17: =C17*D17 -> 316 | G17: 2 | H17: FLAVOURED BADAM | I17: 0.2 | J17: 1580 | K17: =I17*J17 -> 316
A18: 3 | B18: FLAVOURED BADAM | C18: 0.2 | D18: =VLOOKUP(B18,RATES!$A$1:$B$116,2,0) -> 1480 | E18: =C18*D18 -> 296 | G18: 3 | H18: FLAVOURED KAJU | I18: 0.2 | J18: 1680 | K18: =I18*J18 -> 336
A19: 4 | B19: MASALA CRANBERRY | C19: 0.2 | D19: =VLOOKUP(B19,RATES!$A$1:$B$116,2,0) -> 940 | E19: =C19*D19 -> 188 | G19: 4 | H19: BREAKFAST MIX | I19: 0.2 | J19: 1280 | K19: =I19*J19 -> 256
A20: 5 | B20: 7037-Triangle Bag | C20: 1 | D20: =vlookup(B20,RATES!$F$1:$G$164,2,0) -> #N/A | E20: =C20*D20 -> #N/A | G20: 5 | H20: FLAVOURED PISTA | I20: 0.2 | J20: 1580 | K20: =I20*J20 -> 316
A21: 6 | B21: PACKING CHARGES | C21: 1 | D21: 50 | E21: =C21*D21 -> 50 | G21: 6 | H21: DATE ALMONDS | I21: 0.2 | J21: 1480 | K21: =I21*J21 -> 296
A22: TOTAL | E22: =SUM(E16:E21) -> #N/A | G22: 7 | H22: 025-6x1 | I22: 1 | J22: =vlookup(H22,RATES!$F$1:$G$164,2,0) -> 820 | K22: =I22*J22 -> 820
G23: 8 | H23: PACKING CHARGES | I23: 1 | J23: 50 | K23: =I23*J23 -> 50
G24: TOTAL | K24: =SUM(K16:K23) -> 2566
A27: 8x1
A29: SNO | B29: PARTICULARS | C29: QTY | D29: RATE | E29: GROSS
A30: 1 | B30: AKROT MAGAZ | C30: 0.05 | D30: =VLOOKUP(B30,RATES!$A$1:$B$116,2,0) -> 1880 | E30: =C30*D30 -> 94
A31: 2 | B31: ANJEER | C31: 0.05 | D31: =VLOOKUP(B31,RATES!$A$1:$B$116,2,0) -> 1840 | E31: =C31*D31 -> 92
A32: 3 | B32: BADAM | C32: 0.05 | D32: =VLOOKUP(B32,RATES!$A$1:$B$116,2,0) -> 1140 | E32: =C32*D32 -> 57
A33: 4 | B33: BUBBLE GUM KISHMISH | C33: 0.05 | D33: =VLOOKUP(B33,RATES!$A$1:$B$116,2,0) -> #N/A | E33: =C33*D33 -> #N/A
A34: 5 | B34: MAMRA BADAM | C34: 0.05 | D34: =VLOOKUP(B34,RATES!$A$1:$B$116,2,0) -> #N/A | E34: =C34*D34 -> #N/A
A35: 6 | B35: ANJEER | C35: 0.05 | D35: =VLOOKUP(B35,RATES!$A$1:$B$116,2,0) -> 1840 | E35: =C35*D35 -> 92
A36: 7 | B36: BARBEQUE KAJU | C36: 0.05 | D36: =VLOOKUP(B36,RATES!$A$1:$B$116,2,0) -> #N/A | E36: =C36*D36 -> #N/A
A37: 8 | B37: MASALA CRANBERRY | C37: 0.05 | D37: =VLOOKUP(B37,RATES!$A$1:$B$116,2,0) -> 940 | E37: =C37*D37 -> 47
A38: 9 | B38: 025F-8x8 | C38: 1 | D38: =vlookup(B38,RATES!$F$1:$G$164,2,0) -> #N/A | E38: =C38*D38 -> #N/A
A39: 10 | B39: PACKING CHARGES | C39: 1 | D39: 65 | E39: =C39*D39 -> 65
A40: TOTAL | E40: =SUM(E30:E39) -> #N/A

Sheet 2025
B1: Combined | C1: Qty | D1: UOM | E1: PUR | F1: CATEGORY | G1: Google Link | H1: Image | I1: Wt | J1: Design Name | K1: Dash | L1: Size | M1: TYPE | N1: TH YR
A2: 51 | B2: =J2&K2&L2 -> 2005-3x1 | C2: =VLOOKUP(B2,Stock!$B$2:$C$193,2,0) -> 30 | D2: Pcs | E2: =VLOOKUP(B2,RATES!$F$1:$G$152,2,0) -> 415 | F2: SPECIAL BOXES | I2: 300G | J2: 2005 | K2: - | L2: 3x1 | M2: NEW | N2: 1
A3: 57 | B3: =J3&K3&L3 -> 225A-3x1 | C3: =VLOOKUP(B3,Stock!$B$2:$C$193,2,0) -> 30 | D3: Pcs | E3: =VLOOKUP(B3,RATES!$F$1:$G$152,2,0) -> 555 | F3: SPECIAL BOXES | I3: 300G | J3: 225A | K3: - | L3: 3x1 | M3: NEW | N3: 1
A4: 65 | B4: =J4&K4&L4 -> 275B-3x1 | C4: =VLOOKUP(B4,Stock!$B$2:$C$193,2,0) -> 30 | D4: Pcs | E4: =VLOOKUP(B4,RATES!$F$1:$G$152,2,0) -> 555 | F4: SPECIAL BOXES | I4: 600G | J4: 275B | K4: - | L4: 3x1 | M4: NEW | N4: 1
A5: 77 | B5: =J5&K5&L5 -> 215B-3x1 | C5: =VLOOKUP(B5,Stock!$B$2:$C$193,2,0) -> 30 | D5: Pcs | E5: =VLOOKUP(B5,RATES!$F$1:$G$152,2,0) -> 555 | F5: SPECIAL BOXES | I5: 300G | J5: 215B | K5: - | L5: 3x1 | M5: NEW | N5: 1
A6: 102 | B6: =J6&K6&L6 -> 325-3x1 | C6: =VLOOKUP(B6,Stock!$B$2:$C$193,2,0) -> 30 | D6: Pcs | E6: =VLOOKUP(B6,RATES!$F$1:$G$152,2,0) -> 595 | F6: SPECIAL BOXES | I6: 450G | J6: 325 | K6: - | L6: 3x1 | M6: NEW | N6: 1
A7: 105 | B7: =J7&K7&L7 -> 335-3x1 | C7: =VLOOKUP(B7,Stock!$B$2:$C$193,2,0) -> 30 | D7: Pcs | E7: =VLOOKUP(B7,RATES!$F$1:$G$152,2,0) -> 595 | F7: SPECIAL BOXES | I7: 600G | J7: 335 | K7: - | L7: 3x1 | M7: NEW | N7: 1
A8: 1 | B8: =J8&K8&L8 -> 025D-8x8 | C8: =VLOOKUP(B8,Stock!$B$2:$C$193,2,0) -> 250 | D8: Pcs | E8: =VLOOKUP(B8,RATES!$F$1:$G$152,2,0) -> #N/A | F8: CARDBOARD BOXES | I8: 200G | J8: 025D | K8: - | L8: 8x8 | M8: NEW
A9: 2 | B9: =J9&K9&L9 -> 025A-8x8 | C9: =VLOOKUP(B9,Stock!$B$2:$C$193,2,0) -> 250 | D9: Pcs | E9: =VLOOKUP(B9,RATES!$F$1:$G$152,2,0) -> #N/A | F9: CARDBOARD BOXES | I9: 200G | J9: 025A | K9: - | L9: 8x8 | M9: NEW
A10: 3 | B10: =J10&K10&L10 -> 025I-8x8 | C10: =VLOOKUP(B10,Stock!$B$2:$C$193,2,0) -> 250 | D10: Pcs | E10: =VLOOKUP(B10,RATES!$F$1:$G$152,2,0) -> #N/A | F10: CARDBOARD BOXES | I10: 200G | J10: 025I | K10: - | L10: 8x8 | M10: NEW
A11: 4 | B11: =J11&K11&L11 -> 025E-8x8 | C11: =VLOOKUP(B11,Stock!$B$2:$C$193,2,0) -> 250 | D11: Pcs | E11: =VLOOKUP(B11,RATES!$F$1:$G$152,2,0) -> #N/A | F11: CARDBOARD BOXES | I11: 200G | J11: 025E | K11: - | L11: 8x8 | M11: NEW
A12: 5 | B12: =J12&K12&L12 -> 025C-8x8 | C12: =VLOOKUP(B12,Stock!$B$2:$C$193,2,0) -> 250 | D12: Pcs | E12: =VLOOKUP(B12,RATES!$F$1:$G$152,2,0) -> #N/A | F12: CARDBOARD BOXES | I12: 200G | J12: 025C | K12: - | L12: 8x8 | M12: NEW
A13: 6 | B13: =J13&K13&L13 -> 025H-8x8 | C13: =VLOOKUP(B13,Stock!$B$2:$C$193,2,0) -> 250 | D13: Pcs | E13: =VLOOKUP(B13,RATES!$F$1:$G$152,2,0) -> #N/A | F13: CARDBOARD BOXES | I13: 200G | J13: 025H | K13: - | L13: 8x8 | M13: NEW
A14: 7 | B14: =J14&K14&L14 -> 025F-8x8 | C14: =VLOOKUP(B14,Stock!$B$2:$C$193,2,0) -> 250 | D14: Pcs | E14: =VLOOKUP(B14,RATES!$F$1:$G$152,2,0) -> #N/A | F14: CARDBOARD BOXES | I14: 200G | J14: 025F | K14: - | L14: 8x8 | M14: NEW
A15: 8 | B15: =J15&K15&L15 -> 025B-8x8 | C15: =VLOOKUP(B15,Stock!$B$2:$C$193,2,0) -> 250 | D15: Pcs | E15: =VLOOKUP(B15,RATES!$F$1:$G$152,2,0) -> #N/A | F15: CARDBOARD BOXES | I15: 200G | J15: 025B | K15: - | L15: 8x8 | M15: NEW
A16: 9 | B16: =J16&K16&L16 -> 1035-10x10 | C16: =VLOOKUP(B16,Stock!$B$2:$C$193,2,0) -> 200 | D16: Pcs | E16: =VLOOKUP(B16,RATES!$F$1:$G$152,2,0) -> #N/A | F16: CARDBOARD BOXES | I16: 400G | J16: 1035 | K16: - | L16: 10x10 | M16: NEW
A17: 10 | B17: =J17&K17&L17 -> 1085-10x10 | C17: =VLOOKUP(B17,Stock!$B$2:$C$193,2,0) -> 200 | D17: Pcs | E17: =VLOOKUP(B17,RATES!$F$1:$G$152,2,0) -> #N/A | F17: CARDBOARD BOXES | I17: 400G | J17: 1085 | K17: - | L17: 10x10 | M17: NEW
A18: 11 | B18: =J18&K18&L18 -> 1015-10x10 | C18: =VLOOKUP(B18,Stock!$B$2:$C$193,2,0) -> 200 | D18: Pcs | E18: =VLOOKUP(B18,RATES!$F$1:$G$152,2,0) -> #N/A | F18: CARDBOARD BOXES | I18: 400G | J18: 1015 | K18: - | L18: 10x10 | M18: NEW
A19: 12 | B19: =J19&K19&L19 -> 1055-10x10 | C19: =VLOOKUP(B19,Stock!$B$2:$C$193,2,0) -> 200 | D19: Pcs | E19: =VLOOKUP(B19,RATES!$F$1:$G$152,2,0) -> #N/A | F19: CARDBOARD BOXES | I19: 400G | J19: 1055 | K19: - | L19: 10x10 | M19: NEW
... A56: 49 | B56: =J56&K56&L56 -> 1185-12x18 | C56: =VLOOKUP(B56,Stock!$B$2:$C$193,2,0) -> 150 | D56: Pcs | E56: =VLOOKUP(B56,RATES!$F$1:$G$152,2,0) -> #N/A | F56: CARDBOARD BOXES | I56: 900G | J56: 1185 | K56: - | L56: 12x18 | M56: NEW
A57: 50 | B57: =J57&K57&L57 -> 2005-2x1 | C57: =VLOOKUP(B57,Stock!$B$2:$C$193,2,0) -> 30 | D57: Pcs | E57: =VLOOKUP(B57,RATES!$F$1:$G$152,2,0) -> 345 | F57: SPECIAL BOXES | I57: 200G | J57: 2005 | K57: - | L57: 2x1 | M57: NEW | N57: 1
A58: 52 | B58: =J58&K58&L58 -> 2005-4x1 | C58: =VLOOKUP(B58,Stock!$B$2:$C$193,2,0) -> 30 | D58: Pcs | E58: =VLOOKUP(B58,RATES!$F$1:$G$152,2,0) -> 570 | F58: SPECIAL BOXES | I58: 400G | J58: 2005 | K58: - | L58: 4x1 | M58: NEW | N58: 1
A59: 53 | B59: =J59&K59&L59 -> 2015-2x1 | C59: =VLOOKUP(B59,Stock!$B$2:$C$193,2,0) -> 30 | D59: Pcs | E59: =VLOOKUP(B59,RATES!$F$1:$G$152,2,0) -> 345 | F59: SPECIAL BOXES | I59: 200G | J59: 2015 | K59: - | L59: 2x1 | M59: NEW | N59: 1
A60: 54 | B60: =J60&K60&L60 -> 2015-3x1 | C60: =VLOOKUP(B60,Stock!$B$2:$C$193,2,0) -> 30 | D60: Pcs | E60: =VLOOKUP(B60,RATES!$F$1:$G$152,2,0) -> #N/A | F60: SPECIAL BOXES | I60: 300G | J60: 2015 | K60: - | L60: 3x1 | M60: NEW
A61: 62 | B61: =J61&K61&L61 -> 235B-4x1 | C61: =VLOOKUP(B61,Stock!$B$2:$C$193,2,0) -> 30 | D61: Pcs | E61: =VLOOKUP(B61,RATES!$F$1:$G$152,2,0) -> 675 | F61: SPECIAL BOXES | I61: 600G | J61: 235B | K61: - | L61: 4x1 | M61: NEW | N61: 1
A62: 56 | B62: =J62&K62&L62 -> 225A-2x1 | C62: =VLOOKUP(B62,Stock!$B$2:$C$193,2,0) -> 30 | D62: Pcs | E62: =VLOOKUP(B62,RATES!$F$1:$G$152,2,0) -> 490 | F62: SPECIAL BOXES | I62: 200G | J62: 225A | K62: - | L62: 2x1 | M62: NEW | N62: 1
A63: 78 | B63: =J63&K63&L63 -> 215B-4x1 | C63: =VLOOKUP(B63,Stock!$B$2:$C$193,2,0) -> 30 | D63: Pcs | E63: =VLOOKUP(B63,RATES!$F$1:$G$152,2,0) -> 675 | F63: SPECIAL BOXES | I63: 400G | J63: 215B | K63: - | L63: 4x1 | M63: NEW | N63: 1
A64: 63 | B64: =J64&K64&L64 -> 235B-6x1 | C64: =VLOOKUP(B64,Stock!$B$2:$C$193,2,0) -> 30 | D64: Pcs | E64: =VLOOKUP(B64,RATES!$F$1:$G$152,2,0) -> 820 | F64: SPECIAL BOXES | I64: 900G | J64: 235B | K64: - | L64: 6x1 | M64: NEW | N64: 1
A65: 60 | B65: =J65&K65&L65 -> 235B-2x1 | C65: =VLOOKUP(B65,Stock!$B$2:$C$193,2,0) -> 30 | D65: Pcs | E65: =VLOOKUP(B65,RATES!$F$1:$G$152,2,0) -> 495 | F65: SPECIAL BOXES | I65: 300G | J65: 235B | K65: - | L65: 2x1 | M65: NEW | N65: 1
A66: 61 | B66: =J66&K66&L66 -> 235B-3x1 | C66: =VLOOKUP(B66,Stock!$B$2:$C$193,2,0) -> 30 | D66: Pcs | E66: =VLOOKUP(B66,RATES!$F$1:$G$152,2,0) -> #N/A | F66: SPECIAL BOXES | I66: 450G | J66: 235B | K66: - | L66: 3x1 | M66: NEW
A67: 82 | B67: =J67&K67&L67 -> 235A-4x1 | C67: =VLOOKUP(B67,Stock!$B$2:$C$193,2,0) -> 30 | D67: Pcs | E67: =VLOOKUP(B67,RATES!$F$1:$G$152,2,0) -> 675 | F67: SPECIAL BOXES | I67: 600G | J67: 235A | K67: - | L67: 4x1 | M67: NEW | N67: 1
A68: 79 | B68: =J68&K68&L68 -> 215B-6x1 | C68: =VLOOKUP(B68,Stock!$B$2:$C$193,2,0) -> 30 | D68: Pcs | E68: =VLOOKUP(B68,RATES!$F$1:$G$152,2,0) -> 820 | F68: SPECIAL BOXES | I68: 600G | J68: 215B | K68: - | L68: 6x1 | M68: NEW | N68: 1
A69: 64 | B69: =J69&K69&L69 -> 275B-2x1 | C69: =VLOOKUP(B69,Stock!$B$2:$C$193,2,0) -> 30 | D69: Pcs | E69: =VLOOKUP(B69,RATES!$F$1:$G$152,2,0) -> 495 | F69: SPECIAL BOXES | I69: 400G | J69: 275B | K69: - | L69: 2x1 | M69: NEW | N69: 1
A70: 108 | B70: =J70&K70&L70 -> 7005-4x1 | C70: =VLOOKUP(B70,Stock!$B$2:$C$193,2,0) -> 50 | D70: Pcs | E70: =VLOOKUP(B70,RATES!$F$1:$G$152,2,0) -> 750 | F70: SPECIAL BOXES | I70: 200G | J70: 7005 | K70: - | L70: 4x1 | M70: NEW | N70: 1
A71: 83 | B71: =J71&K71&L71 -> 235A-6x1 | C71: =VLOOKUP(B71,Stock!$B$2:$C$193,2,0) -> 30 | D71: Pcs | E71: =VLOOKUP(B71,RATES!$F$1:$G$152,2,0) -> 820 | F71: SPECIAL BOXES | I71: 900G | J71: 235A | K71: - | L71: 6x1 | M71: NEW | N71: 1
A72: 68 | B72: =J72&K72&L72 -> 245B-2x1 | C72: =VLOOKUP(B72,Stock!$B$2:$C$193,2,0) -> 30 | D72: Pcs | E72: =VLOOKUP(B72,RATES!$F$1:$G$152,2,0) -> 495 | F72: SPECIAL BOXES | I72: 300G | J72: 245B | K72: - | L72: 2x1 | M72: NEW | N72: 1
A73: 69 | B73: =J73&K73&L73 -> 245B-3x1 | C73: =VLOOKUP(B73,Stock!$B$2:$C$193,2,0) -> 30 | D73: Pcs | E73: =VLOOKUP(B73,RATES!$F$1:$G$152,2,0) -> #N/A | F73: SPECIAL BOXES | I73: 450G | J73: 245B | K73: - | L73: 3x1 | M73: NEW
A74: 110 | B74: =J74&K74&L74 -> 7004-4x1 | C74: =VLOOKUP(B74,Stock!$B$2:$C$193,2,0) -> 50 | D74: Pcs | E74: =VLOOKUP(B74,RATES!$F$1:$G$152,2,0) -> 750 | F74: SPECIAL BOXES | I74: 600G | J74: 7004 | K74: - | L74: 4x1 | M74: NEW | N74: 1
A75: 99 | B75: =J75&K75&L75 -> 205B-6x1 | C75: =VLOOKUP(B75,Stock!$B$2:$C$193,2,0) -> 60 | D75: Pcs | E75: =VLOOKUP(B75,RATES!$F$1:$G$152,2,0) -> 820 | F75: SPECIAL BOXES | I75: 600G | J75: 205B | K75: - | L75: 6x1 | M75: NEW | N75: 1
A76: 72 | B76: =J76&K76&L76 -> 265B-2x1 | C76: =VLOOKUP(B76,Stock!$B$2:$C$193,2,0) -> 30 | D76: Pcs | E76: =VLOOKUP(B76,RATES!$F$1:$G$152,2,0) -> 495 | F76: SPECIAL BOXES | I76: 400G | J76: 265B | K76: - | L76: 2x1 | M76: NEW | N76: 1
A77: 73 | B77: =J77&K77&L77 -> 265B-3x1 | C77: =VLOOKUP(B77,Stock!$B$2:$C$193,2,0) -> 30 | D77: Pcs | E77: =VLOOKUP(B77,RATES!$F$1:$G$152,2,0) -> #N/A | F77: SPECIAL BOXES | I77: 600G | J77: 265B | K77: - | L77: 3x1 | M77: NEW
A78: 142 | B78: =J78&K78&L78 -> 214A-4x1 | C78: =VLOOKUP(B78,Stock!$B$2:$C$193,2,0) -> 6 | D78: Pcs | E78: =VLOOKUP(B78,RATES!$F$1:$G$152,2,0) -> 680 | F78: SPECIAL BOXES | G78: =vlookup(B78,'2024'!$A$1:$F$134,6,0) -> 214A 4 X 1.png | I78: =vlookup(B78,'2024'!$A$1:$G$134,7,0) -> 800 G | J78: 214A | K78: - | L78: 4x1 | N78: 1
A79: 104 | B79: =J79&K79&L79 -> 325-6x1 | C79: =VLOOKUP(B79,Stock!$B$2:$C$193,2,0) -> 30 | D79: Pcs | E79: =VLOOKUP(B79,RATES!$F$1:$G$152,2,0) -> 790 | F79: SPECIAL BOXES | I79: 900G | J79: 325 | K79: - | L79: 6x1 | M79: NEW | N79: 1
A80: 76 | B80: =J80&K80&L80 -> 215B-2x1 | C80: =VLOOKUP(B80,Stock!$B$2:$C$193,2,0) -> 30 | D80: Pcs | E80: =VLOOKUP(B80,RATES!$F$1:$G$152,2,0) -> 495 | F80: SPECIAL BOXES | I80: 200G | J80: 215B | K80: - | L80: 2x1 | M80: NEW | N80: 1
A81: 55 | B81: =J81&K81&L81 -> 2015-4x1 | C81: =VLOOKUP(B81,Stock!$B$2:$C$193,2,0) -> 30 | D81: Pcs | E81: =VLOOKUP(B81,RATES!$F$1:$G$152,2,0) -> #N/A | F81: SPECIAL BOXES | I81: 400G | J81: 2015 | K81: - | L81: 4x1 | M81: NEW
A82: 107 | B82: =J82&K82&L82 -> 335-6x1 | C82: =VLOOKUP(B82,Stock!$B$2:$C$193,2,0) -> 30 | D82: Pcs | E82: =VLOOKUP(B82,RATES!$F$1:$G$152,2,0) -> 790 | F82: SPECIAL BOXES | I82: 1200G | J82: 335 | K82: - | L82: 6x1 | M82: NEW | N82: 1
A83: 80 | B83: =J83&K83&L83 -> 235A-2x1 | C83: =VLOOKUP(B83,Stock!$B$2:$C$193,2,0) -> 30 | D83: Pcs | E83: =VLOOKUP(B83,RATES!$F$1:$G$152,2,0) -> 495 | F83: SPECIAL BOXES | I83: 300G | J83: 235A | K83: - | L83: 2x1 | M83: NEW | N83: 1
A84: 81 | B84: =J84&K84&L84 -> 235A-3x1 | C84: =VLOOKUP(B84,Stock!$B$2:$C$193,2,0) -> 30 | D84: Pcs | E84: =VLOOKUP(B84,RATES!$F$1:$G$152,2,0) -> #N/A | F84: SPECIAL BOXES | I84: 450G | J84: 235A | K84: - | L84: 3x1 | M84: NEW
A85: 58 | B85: =J85&K85&L85 -> 225A-4x1 | C85: =VLOOKUP(B85,Stock!$B$2:$C$193,2,0) -> 30 | D85: Pcs | E85: =VLOOKUP(B85,RATES!$F$1:$G$152,2,0) -> #N/A | F85: SPECIAL BOXES | I85: 400G | J85: 225A | K85: - | L85: 4x1 | M85: NEW
A86: 109 | B86: =J86&K86&L86 -> 7005-6x1 | C86: =VLOOKUP(B86,Stock!$B$2:$C$193,2,0) -> 50 | D86: Pcs | E86: =VLOOKUP(B86,RATES!$F$1:$G$152,2,0) -> 895 | F86: SPECIAL BOXES | I86: 300G | J86: 7005 | K86: - | L86: 6x1 | M86: NEW | N86: 1
A87: 84 | B87: =J87&K87&L87 -> 025-2x1 | C87: =VLOOKUP(B87,Stock!$B$2:$C$193,2,0) -> 30 | D87: Pcs | E87: =VLOOKUP(B87,RATES!$F$1:$G$152,2,0) -> 495 | F87: SPECIAL BOXES | I87: 400G | J87: 025 | K87: - | L87: 2x1 | M87: NEW
A88: 85 | B88: =J88&K88&L88 -> 025-3x1 | C88: =VLOOKUP(B88,Stock!$B$2:$C$193,2,0) -> 30 | D88: Pcs | E88: =VLOOKUP(B88,RATES!$F$1:$G$152,2,0) -> #N/A | F88: SPECIAL BOXES | I88: 600G | J88: 025 | K88: - | L88: 3x1 | M88: NEW
A89: 66 | B89: =J89&K89&L89 -> 275B-4x1 | C89: =VLOOKUP(B89,Stock!$B$2:$C$193,2,0) -> 30 | D89: Pcs | E89: =VLOOKUP(B89,RATES!$F$1:$G$152,2,0) -> #N/A | F89: SPECIAL BOXES | I89: 800G | J89: 275B | K89: - | L89: 4x1 | M89: NEW
A90: 140 | B90: =J90&K90&L90 -> 224B-6x1 | C90: =VLOOKUP(B90,Stock!$B$2:$C$193,2,0) -> 12 | D90: Pcs | E90: =VLOOKUP(B90,RATES!$F$1:$G$152,2,0) -> 820 | F90: SPECIAL BOXES | G90: =vlookup(B90,'2024'!$A$1:$F$134,6,0) -> 224B 6 X 1.jpg | I90: =vlookup(B90,'2024'!$A$1:$G$134,7,0) -> 1200 G | J90: 224B | K90: - | L90: 6x1 | N90: 1
A91: 88 | B91: =J91&K91&L91 -> ST-75-2x1 | C91: =VLOOKUP(B91,Stock!$B$2:$C$193,2,0) -> 30 | D91: Pcs | E91: =VLOOKUP(B91,RATES!$F$1:$G$152,2,0) -> #N/A | F91: SPECIAL BOXES | I91: 400G | J91: ST-75 | K91: - | L91: 2x1 | M91: NEW
A92: 89 | B92: =J92&K92&L92 -> ST-75-3x1 | C92: =VLOOKUP(B92,Stock!$B$2:$C$193,2,0) -> 30 | D92: Pcs | E92: =VLOOKUP(B92,RATES!$F$1:$G$152,2,0) -> #N/A | F92: SPECIAL BOXES | I92: 600G | J92: ST-75 | K92: - | L92: 3x1 | M92: NEW
A93: 70 | B93: =J93&K93&L93 -> 245B-4x1 | C93: =VLOOKUP(B93,Stock!$B$2:$C$193,2,0) -> 30 | D93: Pcs | E93: =VLOOKUP(B93,RATES!$F$1:$G$152,2,0) -> #N/A | F93: SPECIAL BOXES | I93: 600G | J93: 245B | K93: - | L93: 4x1 | M93: NEW
A94: 91 | B94: =J94&K94&L94 -> 024-2x1 | C94: =VLOOKUP(B94,Stock!$B$2:$C$193,2,0) -> 30 | D94: Pcs | E94: =VLOOKUP(B94,RATES!$F$1:$G$152,2,0) -> 495 | F94: SPECIAL BOXES | I94: 400G | J94: 024 | K94: - | L94: 2x1 | M94: NEW
A95: 92 | B95: =J95&K95&L95 -> 024-3x1 | C95: =VLOOKUP(B95,Stock!$B$2:$C$193,2,0) -> 30 | D95: Pcs | E95: =VLOOKUP(B95,RATES!$F$1:$G$152,2,0) -> #N/A | F95: SPECIAL BOXES | I95: 600G | J95: 024 | K95: - | L95: 3x1 | M95: NEW
A96: 74 | B96: =J96&K96&L96 -> 265B-4x1 | C96: =VLOOKUP(B96,Stock!$B$2:$C$193,2,0) -> 30 | D96: Pcs | E96: =VLOOKUP(B96,RATES!$F$1:$G$152,2,0) -> #N/A | F96: SPECIAL BOXES | I96: 800G | J96: 265B | K96: - | L96: 4x1 | M96: NEW
A97: 141 | B97: =J97&K97&L97 -> 264A-6x1 | C97: =VLOOKUP(B97,Stock!$B$2:$C$193,2,0) -> 6 | D97: Pcs | E97: =VLOOKUP(B97,RATES!$F$1:$G$152,2,0) -> 820 | F97: SPECIAL BOXES | G97: =vlookup(B97,'2024'!$A$1:$F$134,6,0) -> 264A 6 X 1.png | I97: =vlookup(B97,'2024'!$A$1:$G$134,7,0) -> 600 G | J97: 264A | K97: - | L97: 6x1 | N97: 1
A98: 95 | B98: =J98&K98&L98 -> 1225-4+2 | C98: =VLOOKUP(B98,Stock!$B$2:$C$193,2,0) -> 60 | D98: Pcs | E98: =VLOOKUP(B98,RATES!$F$1:$G$152,2,0) -> 820 | F98: SPECIAL BOXES | I98: 600G | J98: 1225 | K98: - | L98: 4+2 | M98: NEW
A99: 96 | B99: =J99&K99&L99 -> 1205-4+2 | C99: =VLOOKUP(B99,Stock!$B$2:$C$193,2,0) -> 60 | D99: Pcs | E99: =VLOOKUP(B99,RATES!$F$1:$G$152,2,0) -> 820 | F99: SPECIAL BOXES | I99: 600G | J99: 1205 | K99: - | L99: 4+2 | M99: NEW
A100: 97 | B100: =J100&K100&L100 -> 1215-4+2 | C100: =VLOOKUP(B100,Stock!$B$2:$C$193,2,0) -> 60 | D100: Pcs | E100: =VLOOKUP(B100,RATES!$F$1:$G$152,2,0) -> 820 | F100: SPECIAL BOXES | I100: 600G | J100: 1215 | K100: - | L100: 4+2 | M100: NEW
A101: 86 | B101: =J101&K101&L101 -> 025-4x1 | C101: =VLOOKUP(B101,Stock!$B$2:$C$193,2,0) -> 30 | D101: Pcs | E101: =VLOOKUP(B101,RATES!$F$1:$G$152,2,0) -> #N/A | F101: SPECIAL BOXES | I101: 800G | J101: 025 | K101: - | L101: 4x1 | M101: NEW
A102: 153 | B102: =J102&K102&L102 -> 224A-6x1 | C102: =VLOOKUP(B102,Stock!$B$2:$C$193,2,0) -> 6 | D102: Pcs | E102: =VLOOKUP(B102,RATES!$F$1:$G$152,2,0) -> 820 | F102: SPECIAL BOXES | G102: =vlookup(B102,'2024'!$A$1:$F$134,6,0) -> 224A 6 X 1.jpg | I102: =vlookup(B102,'2024'!$A$1:$G$134,7,0) -> 1200 G | J102: 224A | K102: - | L102: 6x1 | N102: 1
A103: 90 | B103: =J103&K103&L103 -> ST-75-4x1 | C103: =VLOOKUP(B103,Stock!$B$2:$C$193,2,0) -> 30 | D103: Pcs | E103: =VLOOKUP(B103,RATES!$F$1:$G$152,2,0) -> #N/A | F103: SPECIAL BOXES | I103: 800G | J103: ST-75 | K103: - | L103: 4x1 | M103: NEW
A104: 59 | B104: =J104&K104&L104 -> 225A-6x1 | C104: =VLOOKUP(B104,Stock!$B$2:$C$193,2,0) -> 30 | D104: Pcs | E104: =VLOOKUP(B104,RATES!$F$1:$G$152,2,0) -> #N/A | F104: SPECIAL BOXES | I104: 600G | J104: 225A | K104: - | L104: 6x1 | M104: NEW
A105: 93 | B105: =J105&K105&L105 -> 024-4x1 | C105: =VLOOKUP(B105,Stock!$B$2:$C$193,2,0) -> 30 | D105: Pcs | E105: =VLOOKUP(B105,RATES!$F$1:$G$152,2,0) -> #N/A | F105: SPECIAL BOXES | I105: 800G | J105: 024 | K105: - | L105: 4x1 | M105: NEW
A106: 67 | B106: =J106&K106&L106 -> 275B-6x1 | C106: =VLOOKUP(B106,Stock!$B$2:$C$193,2,0) -> 30 | D106: Pcs | E106: =VLOOKUP(B106,RATES!$F$1:$G$152,2,0) -> #N/A | F106: SPECIAL BOXES | I106: 1200G | J106: 275B | K106: - | L106: 6x1 | M106: NEW
A107: 98 | B107: =J107&K107&L107 -> 205B-4x1 | C107: =VLOOKUP(B107,Stock!$B$2:$C$193,2,0) -> 60 | D107: Pcs | E107: =VLOOKUP(B107,RATES!$F$1:$G$152,2,0) -> #N/A | F107: SPECIAL BOXES | I107: 400G | J107: 205B | K107: - | L107: 4x1 | M107: NEW
A108: 71 | B108: =J108&K108&L108 -> 245B-6x1 | C108: =VLOOKUP(B108,Stock!$B$2:$C$193,2,0) -> 30 | D108: Pcs | E108: =VLOOKUP(B108,RATES!$F$1:$G$152,2,0) -> #N/A | F108: SPECIAL BOXES | I108: 900G | J108: 245B | K108: - | L108: 6x1 | M108: NEW
A109: 100 | B109: =J109&K109&L109 -> 374-4x1 | C109: =VLOOKUP(B109,Stock!$B$2:$C$193,2,0) -> 30 | D109: Pcs | E109: =VLOOKUP(B109,RATES!$F$1:$G$152,2,0) -> #N/A | F109: SPECIAL BOXES | I109: 600G | J109: 374 | K109: - | L109: 4x1 | M109: NEW
A110: 75 | B110: =J110&K110&L110 -> 265B-6x1 | C110: =VLOOKUP(B110,Stock!$B$2:$C$193,2,0) -> 30 | D110: Pcs | E110: =VLOOKUP(B110,RATES!$F$1:$G$152,2,0) -> #N/A | F110: SPECIAL BOXES | I110: 1200G | J110: 265B | K110: - | L110: 6x1 | M110: NEW
A111: 103 | B111: =J111&K111&L111 -> 325-4x1 | C111: =VLOOKUP(B111,Stock!$B$2:$C$193,2,0) -> 30 | D111: Pcs | E111: =VLOOKUP(B111,RATES!$F$1:$G$152,2,0) -> #N/A | F111: SPECIAL BOXES | I111: 600G | J111: 325 | K111: - | L111: 4x1 | M111: NEW
A112: 111 | B112: =J112&K112&L112 -> 7037-Triangle Bag | C112: =VLOOKUP(B112,Stock!$B$2:$C$193,2,0) -> 50 | D112: Pcs | E112: =VLOOKUP(B112,RATES!$F$1:$G$152,2,0) -> #N/A | F112: SPECIAL BOXES | I112: 600G | J112: 7037 | K112: - | L112: Triangle Bag | M112: NEW
A113: 112 | B113: =J113&K113&L113 -> Radhe-Radhe | C113: =VLOOKUP(B113,Stock!$B$2:$C$193,2,0) -> 10 | D113: Pcs | E113: =VLOOKUP(B113,RATES!$F$1:$G$152,2,0) -> #N/A | F113: SPECIAL BOXES | I113: 800G | J113: Radhe | K113: - | L113: Radhe | M113: NEW
A114: 113 | B114: =J114&K114&L114 -> 7045-10x15 | C114: =VLOOKUP(B114,Stock!$B$2:$C$193,2,0) -> 30 | D114: Pcs | E114: =VLOOKUP(B114,RATES!$F$1:$G$152,2,0) -> #N/A | F114: SPECIAL BOXES | I114: ? | J114: 7045 | K114: - | L114: 10x15 | M114: NEW
... A116: 115 | B116: =J116&K116&L116 -> 604A-Small | C116: =VLOOKUP(B116,Stock!$B$2:$C$193,2,0) -> 0 | D116: Pcs | E116: =VLOOKUP(B116,RATES!$F$1:$G$152,2,0) -> #N/A | F116: SPECIAL BOXES | I116: ? | J116: 604A | K116: - | L116: Small | M116: NEW
A117: 116 | B117: =J117&K117&L117 -> - | C117: =VLOOKUP(B117,Stock!$B$2:$C$193,2,0) -> #N/A | D117: Pcs | E117: =VLOOKUP(B117,RATES!$F$1:$G$152,2,0) -> #N/A | F117: SPECIAL BOXES | K117: -
A118: 117 | B118: =J118&K118&L118 -> - | C118: =VLOOKUP(B118,Stock!$B$2:$C$193,2,0) -> #N/A | D118: Pcs | E118: =VLOOKUP(B118,RATES!$F$1:$G$152,2,0) -> #N/A | K118: -
A119: 118 | B119: =J119&K119&L119 -> 034B-7x10 | C119: =VLOOKUP(B119,Stock!$B$2:$C$193,2,0) -> 90 | D119: Pcs | E119: =VLOOKUP(B119,RATES!$F$1:$G$152,2,0) -> #N/A | F119: CARDBOARD BOXES | G119: =vlookup(B119,'2024'!$A$1:$F$134,6,0) -> 034.B 7X10.png | I119: 200G | J119: 034B | K119: - | L119: 7x10
A120: 119 | B120: =J120&K120&L120 -> 034A-7x10 | C120: =VLOOKUP(B120,Stock!$B$2:$C$193,2,0) -> 90 | D120: Pcs | E120: =VLOOKUP(B120,RATES!$F$1:$G$152,2,0) -> #N/A | F120: CARDBOARD BOXES | G120: =vlookup(B120,'2024'!$A$1:$F$134,6,0) -> 034.A 7X10.png | I120: 200G | J120: 034A | K120: - | L120: 7x10
A121: 120 | B121: =J121&K121&L121 -> 034C-7x10 | C121: =VLOOKUP(B121,Stock!$B$2:$C$193,2,0) -> 160 | D121: Pcs | E121: =VLOOKUP(B121,RATES!$F$1:$G$152,2,0) -> #N/A | F121: CARDBOARD BOXES | G121: =vlookup(B121,'2024'!$A$1:$F$134,6,0) -> 034 C 7 X10.png | I121: 200G | J121: 034C | K121: - | L121: 7x10
A122: 121 | B122: =J122&K122&L122 -> 034D-7x10 | C122: =VLOOKUP(B122,Stock!$B$2:$C$193,2,0) -> 150 | D122: Pcs | E122: =VLOOKUP(B122,RATES!$F$1:$G$152,2,0) -> #N/A | F122: CARDBOARD BOXES | G122: =vlookup(B122,'2024'!$A$1:$F$134,6,0) -> 034.D 7X10.png | I122: 200G | J122: 034D | K122: - | L122: 7x10
A123: 122 | B123: =J123&K123&L123 -> 024C-8x8 | C123: =VLOOKUP(B123,Stock!$B$2:$C$193,2,0) -> 130 | D123: Pcs | E123: =VLOOKUP(B123,RATES!$F$1:$G$152,2,0) -> #N/A | F123: CARDBOARD BOXES | G123: =vlookup(B123,'2024'!$A$1:$F$134,6,0) -> 024C 8 X 8.png | I123: 200G | J123: 024C | K123: - | L123: 8x8
A124: 123 | B124: =J124&K124&L124 -> 024A-8x8 | C124: =VLOOKUP(B124,Stock!$B$2:$C$193,2,0) -> 50 | D124: Pcs | E124: =VLOOKUP(B124,RATES!$F$1:$G$152,2,0) -> #N/A | F124: CARDBOARD BOXES | G124: =vlookup(B124,'2024'!$A$1:$F$134,6,0) -> 024.A 8 X 8.png | I124: 200G | J124: 024A | K124: - | L124: 8x8
A125: 124 | B125: =J125&K125&L125 -> 024D-8x8 | C125: =VLOOKUP(B125,Stock!$B$2:$C$193,2,0) -> 90 | D125: Pcs | E125: =VLOOKUP(B125,RATES!$F$1:$G$152,2,0) -> #N/A | F125: CARDBOARD BOXES | G125: =vlookup(B125,'2024'!$A$1:$F$134,6,0) -> 024D 8 X 8.png | I125: 200G | J125: 024D | K125: - | L125: 8x8
A126: 125 | B126: =J126&K126&L126 -> 183B-9x9 | C126: =VLOOKUP(B126,Stock!$B$2:$C$193,2,0) -> 50 | D126: Pcs | E126: =VLOOKUP(B126,RATES!$F$1:$G$152,2,0) -> #N/A | F126: CARDBOARD BOXES | G126: =vlookup(B126,'2024'!$A$1:$F$134,6,0) -> 183B 9 X 9 200 G.jpg | I126: 200G | J126: 183B | K126: - | L126: 9x9
A127: 126 | B127: =J127&K127&L127 -> 183B-400G | C127: =VLOOKUP(B127,Stock!$B$2:$C$193,2,0) -> 50 | D127: Pcs | E127: =VLOOKUP(B127,RATES!$F$1:$G$152,2,0) -> #N/A | F127: CARDBOARD BOXES | G127: =vlookup(B127,'2024'!$A$1:$F$134,6,0) -> 183B 11 X 11 400 G.jpg | I127: 400G | J127: 183B | K127: - | L127: 400G
A128: 127 | B128: =J128&K128&L128 -> 183A-400G | C128: =VLOOKUP(B128,Stock!$B$2:$C$193,2,0) -> 120 | D128: Pcs | E128: =VLOOKUP(B128,RATES!$F$1:$G$152,2,0) -> #N/A | F128: CARDBOARD BOXES | G128: =vlookup(B128,'2024'!$A$1:$F$134,6,0) -> 183A 11 X 11 400 G.jpg | I128: 400G | J128: 183A | K128: - | L128: 400G
A129: 128 | B129: =J129&K129&L129 -> 1134-8x12 | C129: =VLOOKUP(B129,Stock!$B$2:$C$193,2,0) -> 60 | D129: Pcs | E129: =VLOOKUP(B129,RATES!$F$1:$G$152,2,0) -> #N/A | F129: CARDBOARD BOXES | G129: =vlookup(B129,'2024'!$A$1:$F$134,6,0) -> 1134 8 x 12.HEIC | I129: =vlookup(B129,'2024'!$A$1:$G$134,7,0) -> 300 G | J129: 1134 | K129: - | L129: 8x12
A130: 129 | B130: =J130&K130&L130 -> 1124-8x12 | C130: =VLOOKUP(B130,Stock!$B$2:$C$193,2,0) -> 20 | D130: Pcs | E130: =VLOOKUP(B130,RATES!$F$1:$G$152,2,0) -> #N/A | F130: CARDBOARD BOXES | G130: =vlookup(B130,'2024'!$A$1:$F$134,6,0) -> 1124 8 X 12.png | I130: =vlookup(B130,'2024'!$A$1:$G$134,7,0) -> 300 G | J130: 1124 | K130: - | L130: 8x12
A131: 130 | B131: =J131&K131&L131 -> 1104-8x12 | C131: =VLOOKUP(B131,Stock!$B$2:$C$193,2,0) -> 60 | D131: Pcs | E131: =VLOOKUP(B131,RATES!$F$1:$G$152,2,0) -> #N/A | F131: CARDBOARD BOXES | G131: =vlookup(B131,'2024'!$A$1:$F$134,6,0) -> 1104 8 X 12.png | I131: =vlookup(B131,'2024'!$A$1:$G$134,7,0) -> 300 G | J131: 1104 | K131: - | L131: 8x12
A132: 131 | B132: =J132&K132&L132 -> 1114-8x12 | C132: =VLOOKUP(B132,Stock!$B$2:$C$193,2,0) -> 10 | D132: Pcs | E132: =VLOOKUP(B132,RATES!$F$1:$G$152,2,0) -> #N/A | F132: CARDBOARD BOXES | G132: =vlookup(B132,'2024'!$A$1:$F$134,6,0) -> 1114 8 X12.png | I132: =vlookup(B132,'2024'!$A$1:$G$134,7,0) -> 300 G | J132: 1114 | K132: - | L132: 8x12
A133: 132 | B133: =J133&K133&L133 -> 1144-8x12 | C133: =VLOOKUP(B133,Stock!$B$2:$C$193,2,0) -> 10 | D133: Pcs | E133: =VLOOKUP(B133,RATES!$F$1:$G$152,2,0) -> #N/A | F133: CARDBOARD BOXES | G133: =vlookup(B133,'2024'!$A$1:$F$134,6,0) -> 1144 8 X 12.png | I133: =vlookup(B133,'2024'!$A$1:$G$134,7,0) -> 300 G | J133: 1144 | K133: - | L133: 8x12
A134: 133 | B134: =J134&K134&L134 -> 1034-12x12 | C134: =VLOOKUP(B134,Stock!$B$2:$C$193,2,0) -> 10 | D134: Pcs | E134: =VLOOKUP(B134,RATES!$F$1:$G$152,2,0) -> #N/A | F134: CARDBOARD BOXES | G134: =vlookup(B134,'2024'!$A$1:$F$134,6,0) -> 1034 12 X 12.png | I134: =vlookup(B134,'2024'!$A$1:$G$134,7,0) -> 800 G | J134: 1034 | K134: - | L134: 12x12
A135: 134 | B135: =J135&K135&L135 -> 183B-12x12 | C135: =VLOOKUP(B135,Stock!$B$2:$C$193,2,0) -> 10 | D135: Pcs | E135: =VLOOKUP(B135,RATES!$F$1:$G$152,2,0) -> #N/A | F135: CARDBOARD BOXES | G135: no | I135: 800G | J135: 183B | K135: - | L135: 12x12
A136: 135 | B136: =J136&K136&L136 -> 183A-9x9 | C136: =VLOOKUP(B136,Stock!$B$2:$C$193,2,0) -> 120 | D136: Pcs | E136: =VLOOKUP(B136,RATES!$F$1:$G$152,2,0) -> #N/A | F136: CARDBOARD BOXES | G136: =vlookup(B136,'2024'!$A$1:$F$134,6,0) -> 183A 9 X 9 200G.jpg | I136: 200G | J136: 183A | K136: - | L136: 9x9
A137: 136 | B137: =J137&K137&L137 -> 123-12x12 | C137: =VLOOKUP(B137,Stock!$B$2:$C$193,2,0) -> 10 | D137: Pcs | E137: =VLOOKUP(B137,RATES!$F$1:$G$152,2,0) -> #N/A | F137: CARDBOARD BOXES | G137: no | I137: 800G | J137: 123 | K137: - | L137: 12x12
...

Sheet 2024
A1: Combined | B1: Qty | C1: UOM | D1: PUR | E1: CATEGORY | F1: Google Link | G1: Wt | H1: this yr
A2: 214A-3x1 | C2: Pcs | D2: 320 | E2: SPECIAL BOXES | F2: 214A 3 X 1.png | G2: 600 G | H2: 1
A3: 224A-3x1 | C3: Pcs | D3: 320 | E3: SPECIAL BOXES | F3: 224A 3 X 1.jpg | G3: 600 G | H3: 1
A4: 224B-3x1 | C4: Pcs | D4: 320 | E4: SPECIAL BOXES | F4: 224B 3 X 1.jpg | G4: 600 G | H4: 1
A5: 264A-3x1 | C5: Pcs | D5: 320 | E5: SPECIAL BOXES | F5: 264A 3 X 1.jpg | G5: 300 G | H5: 1
A6: - | B6: #N/A | C6: Pcs
A7: 024A-8x8 | C7: Pcs | D7: 48 | E7: CARDBOARD BOXES | F7: 024.A 8 X 8.png | G7: 200 G
A8: 024B-8x8 | C8: Pcs | D8: 48 | E8: CARDBOARD BOXES | F8: 024B 8X8.png | G8: 200 G
A9: 024C-8x8 | C9: Pcs | D9: 48 | E9: CARDBOARD BOXES | F9: 024C 8 X 8.png | G9: 200 G
A10: 024D-8x8 | C10: Pcs | D10: 48 | E10: CARDBOARD BOXES | F10: 024D 8 X 8.png | G10: 200 G
A11: 029-4x1 | C11: Pcs | D11: 450 | E11: SPECIAL BOXES | F11: 029 jute 4 x 1.jpg
A12: 029-6x1 | C12: Pcs | D12: 550 | E12: SPECIAL BOXES | F12: 029 jute 6 x 1.jpg
A13: 034A-7x10 | C13: Pcs | D13: 48 | E13: CARDBOARD BOXES | F13: 034.A 7X10.png | G13: 200 G
A14: 034B-7x10 | C14: Pcs | D14: 48 | E14: CARDBOARD BOXES | F14: 034.B 7X10.png | G14: 200 G
A15: 034C-7x10 | C15: Pcs | D15: 48 | E15: CARDBOARD BOXES | F15: 034 C 7 X10.png | G15: 200 G
A16: 034D-7x10 | C16: Pcs | D16: 48 | E16: CARDBOARD BOXES | F16: 034.D 7X10.png | G16: 200 G
A17: 1004-10x10 | C17: Pcs | D17: 83 | E17: CARDBOARD BOXES | F17: 1004 10 X 10.png | G17: 400 G
A18: 101-8 X 12 | B18: #N/A | C18: Pcs | E18: CARDBOARD BOXES | F18: 101 8x12.jpeg
A19: 1014-10x10 | C19: Pcs | D19: 83 | E19: CARDBOARD BOXES | F19: 1014 10 X 10.png | G19: 400 G
A20: 1014-12x12 | C20: Pcs | D20: 93 | E20: CARDBOARD BOXES | F20: 1014 12 X12.png | G20: 800 G
A21: 1024-10x10 | C21: Pcs | D21: 83 | E21: CARDBOARD BOXES | F21: 1024 10 X 10.png | G21: 400 G
A22: 1024-12x12 | C22: Pcs | D22: 93 | E22: CARDBOARD BOXES | F22: 1024 12 X 12.png | G22: 800 G
A23: 103-11 X 11 | B23: #N/A | C23: Pcs | E23: CARDBOARD BOXES | F23: 103 11 X 11 40 G.jpg
A24: 103-12 X 18. | B24: #N/A | C24: Pcs | E24: CARDBOARD BOXES | F24: 103 12X18.jpeg
A25: 1034-10x10 | C25: Pcs | D25: 83 | E25: CARDBOARD BOXES | F25: 1034 10 X10.png | G25: 400 G
A26: 1034-12x12 | C26: Pcs | D26: 93 | E26: CARDBOARD BOXES | F26: 1034 12 X 12.png | G26: 800 G
A27: 1044-10x10 | C27: Pcs | D27: 83 | E27: CARDBOARD BOXES | F27: 1044 10 X10.png | G27: 400 G
A28: 1044-12x12 | C28: Pcs | D28: 93 | E28: CARDBOARD BOXES | F28: 1044 12 X12.png | G28: 800 G
A29: 1054-10x10 | C29: Pcs | D29: 83 | E29: CARDBOARD BOXES | F29: 1054 10 X10.png | G29: 400 G
A30: 1104-10x15 | C30: Pcs | D30: 93 | E30: CARDBOARD BOXES | F30: 1104 10 X 15.png | G30: 600 G
A31: 1104-12x18 | C31: Pcs | D31: 130 | E31: CARDBOARD BOXES | F31: 1104 12 X 18.png | G31: 900 G
A32: 1104-8x12 | C32: Pcs | D32: 83 | E32: CARDBOARD BOXES | F32: 1104 8 X 12.png | G32: 300 G
A33: 1114-10x15 | C33: Pcs | D33: 93 | E33: CARDBOARD BOXES | F33: 1114 10 X 15.png | G33: 600 G
A34: 1114-12x18 | C34: Pcs | D34: 130 | E34: CARDBOARD BOXES | F34: 1114 12 X 18.png | G34: 900 G
A35: 1114-8x12 | C35: Pcs | D35: 83 | E35: CARDBOARD BOXES | F35: 1114 8 X12.png | G35: 300 G
A36: 111A-8 X 12 | B36: #N/A | C36: Pcs | E36: CARDBOARD BOXES | F36: 111 A 8x12.jpeg
A37: 111B-8 X 12 | B37: #N/A | C37: Pcs | E37: CARDBOARD BOXES | F37: 111 B 8x12.jpeg
A38: 1124-10x15 | C38: Pcs | D38: 93 | E38: CARDBOARD BOXES | F38: 1124 10 X 15.png | G38: 600 G
A39: 1124-12x18 | C39: Pcs | D39: 130 | E39: CARDBOARD BOXES | F39: 1124 12 X 18.png | G39: 900 G
A40: 1124-8x12 | C40: Pcs | D40: 83 | E40: CARDBOARD BOXES | F40: 1124 8 X 12.png | G40: 300 G
A41: 1134-10x15 | C41: Pcs | D41: 93 | E41: CARDBOARD BOXES | F41: 1134 10 X 15.png | G41: 600 G
A42: 1134-12x18 | C42: Pcs | D42: 130 | E42: CARDBOARD BOXES | F42: 1134 12 X 18.png | G42: 900 G
A43: 1134-8x12 | C43: Pcs | D43: 83 | E43: CARDBOARD BOXES | F43: 1134 8 x 12.HEIC | G43: 300 G
A44: 1144-10x15 | C44: Pcs | D44: 93 | E44: CARDBOARD BOXES | F44: 1144 10 X 15.png | G44: 600 G
A45: 1144-12x18 | C45: Pcs | D45: 130 | E45: CARDBOARD BOXES | F45: 1144 12 X 18.png | G45: 900 G
A46: 1144-8x12 | C46: Pcs | D46: 83 | E46: CARDBOARD BOXES | F46: 1144 8 X 12.png | G46: 300 G
A47: 115-8 X 11 | B47: #N/A | C47: Pcs | E47: SPECIAL BOXES | F47: 115 8X11.jpeg
A48: 115-TIE BOOK | B48: #N/A | C48: Pcs | E48: SPECIAL BOXES | F48: 115 TIE BOOK.jpeg
A49: 142A-8 X 12 | B49: #N/A | C49: Pcs | E49: CARDBOARD BOXES | F49: 142 A 8x12.jpeg
A50: 162A-8 X 12 | B50: #N/A | C50: Pcs | E50: CARDBOARD BOXES | F50: 162 A 8x12.jpeg
A51: 172A-8 X 12 | B51: #N/A | C51: Pcs | E51: CARDBOARD BOXES | F51: 172 A 8x12.jpeg
A52: 183A-12 X 18. | B52: #N/A | C52: Pcs | E52: CARDBOARD BOXES | F52: 183 A 12X18.jpeg
A53: 183A-400G | B53: #N/A | C53: Pcs | E53: CARDBOARD BOXES | F53: 183A 11 X 11 400 G.jpg
A54: 183A-9x9 | B54: #N/A | C54: Pcs | E54: CARDBOARD BOXES | F54: 183A 9 X 9 200G.jpg
A55: 183B-400G | B55: #N/A | C55: Pcs | E55: CARDBOARD BOXES | F55: 183B 11 X 11 400 G.jpg
A56: 183B-9x9 | B56: #N/A | C56: Pcs | E56: CARDBOARD BOXES | F56: 183B 9 X 9 200 G.jpg
A57: 183C-11x11 | B57: #N/A | C57: Pcs | E57: CARDBOARD BOXES | F57: 183C 11 X 11 400 G.jpg
A58: 183C-12x18 | B58: #N/A | C58: Pcs | E58: CARDBOARD BOXES | F58: 183 C 12 X 18.jpeg
... A60: 191-8x12 | B60: #N/A | C60: Pcs | E60: CARDBOARD BOXES | F60: 191 8x12.jpeg
A61: 214A-2x1 | C61: Pcs | D61: 280 | E61: SPECIAL BOXES | F61: 214A 2 X 1.png | G61: 400 G | H61: 1
A62: 2072B-5x1 | B62: #N/A | C62: Pcs | E62: SPECIAL BOXES | F62: 2072B 5X1.jpeg
A63: 2073A -5x1 | B63: #N/A | C63: Pcs | E63: SPECIAL BOXES | F63: 2073A 5 X 1.jpg
A64: 2073A-4x1 | B64: #N/A | C64: Pcs | E64: SPECIAL BOXES | F64: 2073A 4 X 1.jpg
A65: 213A-3x1 | B65: #N/A | C65: Pcs | E65: SPECIAL BOXES | F65: 213A 3 X 1.jpg
A66: 224A-2x1 | C66: Pcs | D66: 280 | E66: SPECIAL BOXES | F66: 224A 2 X 1.jpg | G66: 400 G | H66: 1
A67: 214A-4x1 | C67: Pcs | D67: 390 | E67: SPECIAL BOXES | F67: 214A 4 X 1.png | G67: 800 G
A68: 214A-6x1 | C68: Pcs | D68: 480 | E68: SPECIAL BOXES | F68: 214A 6 X 1.jpg | G68: 1200 G
A69: 223A-3x1 | B69: #N/A | C69: Pcs | E69: SPECIAL BOXES | F69: 223A 3 X 1.jpg
A70: 224B-2x1 | C70: Pcs | D70: 280 | E70: SPECIAL BOXES | F70: 224B 2 X 1.jpg | G70: 400 G | H70: 1
A71: 224A-4x1 | C71: Pcs | D71: 390 | E71: SPECIAL BOXES | F71: 224A 4 X 1.jpg | G71: 800 G
A72: 224A-6x1 | C72: Pcs | D72: 480 | E72: SPECIAL BOXES | F72: 224A 6 X 1.jpg | G72: 1200 G
A73: 294 A-2x1 | C73: Pcs | D73: 280 | E73: SPECIAL BOXES | F73: 294A 2 X 1.png | G73: 200 G | H73: 1
A74: 224B-4x1 | C74: Pcs | D74: 390 | E74: SPECIAL BOXES | F74: 224B 4 X 1.jpg | G74: 800 G
A75: 224B-6x1 | C75: Pcs | D75: 480 | E75: SPECIAL BOXES | F75: 224B 6 X 1.jpg | G75: 1200 G
A76: 225-BACCHA | B76: #N/A | C76: Pcs | E76: CARDBOARD BOXES | F76: W-225 BACCHA_.jpg
A77: 227-8x12 | B77: #N/A | C77: Pcs | E77: CARDBOARD BOXES | F77: 227 8X12.jpeg
A78: 2012A-2x1 | B78: #N/A | C78: Pcs | E78: SPECIAL BOXES | F78: 2012A 2X1.jpeg
A79: 233-3x1 | B79: #N/A | C79: Pcs | E79: SPECIAL BOXES | F79: 233 3 X 1.jpg
A80: 245-11X11 | B80: #N/A | C80: Pcs | E80: SPECIAL BOXES | F80: 245 11 X 11.jpg
A81: 245-4X1 | B81: #N/A | C81: Pcs | E81: SPECIAL BOXES | F81: 245(Tree stone moulding) 4 X 1.jpg
A82: 246-11X11 | B82: #N/A | C82: Pcs | E82: SPECIAL BOXES | F82: 246 11 X 11.jpg
A83: 249-11X11 | B83: #N/A | C83: Pcs | E83: SPECIAL BOXES | F83: 249mehendi Diya moulding 11X 11.jpg
A84: 249-13X13X1.5 | B84: #N/A | C84: Pcs | E84: SPECIAL BOXES | F84: 249(MDM) 13 X 13.jpg
A85: 249-8X18X1.5 | B85: #N/A | C85: Pcs | E85: SPECIAL BOXES | F85: 249mehnendi diyaMoulding 8 X 18.jpg
A86: 251-10X15X1.5 | B86: #N/A | C86: Pcs | E86: SPECIAL BOXES | F86: 251(copper) 10 X 15.jpg
A87: 251-11x11 | B87: #N/A | C87: Pcs | E87: SPECIAL BOXES | F87: 251(copper) 11 X 11.jpg
... A91: 233-2x1 | B91: #N/A | C91: Pcs | E91: SPECIAL BOXES | F91: 233 2 X 1.jpg
A92: 264A-4x1 | C92: Pcs | D92: 390 | E92: SPECIAL BOXES | F92: 264A 4 X1.png | G92: 400 G
A93: 264A-6x1 | C93: Pcs | D93: 480 | E93: SPECIAL BOXES | F93: 264A 6 X 1.png | G93: 600 G
A94: 264A-2x1 | C94: Pcs | D94: 280 | E94: SPECIAL BOXES | F94: 264A 2 X 1.png | G94: 200 G
A95: 294 A-3x1 | C95: Pcs | D95: 320 | E95: SPECIAL BOXES | F95: 294A 3 X 1.png | G95: 300 G
A96: 294 A-4x1 | C96: Pcs | D96: 390 | E96: SPECIAL BOXES | F96: 294A 4 X 1.png | G96: 400 G
A97: 294 A-6x1 | C97: Pcs | D97: 480 | E97: SPECIAL BOXES | F97: 294A 6 X1.png | G97: 600 G
A98: 323-6x1 | B98: #N/A | C98: Pcs | E98: SPECIAL BOXES | F98: 323 6 X 1.jpg
A99: 324-3x1 | C99: Pcs | D99: 340 | E99: SPECIAL BOXES | F99: 324A 3 X 1.png
A100: 324-4x1 | C100: Pcs | D100: 380 | E100: SPECIAL BOXES | F100: 324A 4 X 1.png
A101: 324A-6x1 | C101: Pcs | D101: 410 | E101: SPECIAL BOXES | F101: 324A 6 X 1.png
A102: 324-8x1 | C102: Pcs | D102: 480 | E102: SPECIAL BOXES | F102: 324A 8 X 1.png
A103: 334-3x1 | C103: Pcs | D103: 340 | E103: SPECIAL BOXES | F103: 334 3 X 1.png
A104: 334-4x1 | C104: Pcs | D104: 380 | E104: SPECIAL BOXES | F104: 334 4 X 1.png
...

Sheet Stock
A1: STOCK - DIWALI BOXES
A2: CODE | B2: Product Name | C2: Qty | D2: Reminder | E2: MBQ | F2: Ex Stock | G2: Case | H2: Pcs
A3: 3 | B3: Item C | C3: =50 + SUMIF(Purchase!C:C,Stock!B3,Purchase!D:D)-SUMIF(Sale!C:C,Stock!B3,Sale!D:D) -> 50 | D3: =IF(C3<E3,"Low Stock","In Stock") -> In Stock | E3: 1 | F3: 0 | G3: 0 | H3: =G3*C3 -> 0
D4: =IF(C4<E4,"Low Stock","In Stock") -> Low Stock | E4: 1 | F4: 0 | G4: 0 | H4: =G4*C4 -> 0
A5: 025D-8x8 | B5: 025D-8x8 | C5: =F5 + SUMIF(Purchase!C:C,Stock!B5,Purchase!D:D)-SUMIF(Sale!C:C,Stock!B5,Sale!D:D) -> 250 | D5: =IF(C5<E5,"Low Stock","In Stock") -> In Stock | E5: 1 | F5: 250 | G5: 0 | H5: =G5*C5 -> 0
A6: 025A-8x8 | B6: 025A-8x8 | C6: =F6 + SUMIF(Purchase!C:C,Stock!B6,Purchase!D:D)-SUMIF(Sale!C:C,Stock!B6,Sale!D:D) -> 250 | D6: =IF(C6<E6,"Low Stock","In Stock") -> In Stock | E6: 1 | F6: 250 | G6: 0 | H6: =G6*C6 -> 0
A7: 025I-8x8 | B7: 025I-8x8 | C7: =F7 + SUMIF(Purchase!C:C,Stock!B7,Purchase!D:D)-SUMIF(Sale!C:C,Stock!B7,Sale!D:D) -> 250 | D7: =IF(C7<E7,"Low Stock","In Stock") -> In Stock | E7: 1 | F7: 250 | G7: 0 | H7: =G7*C7 -> 0
A8: 025E-8x8 | B8: 025E-8x8 | C8: =F8 + SUMIF(Purchase!C:C,Stock!B8,Purchase!D:D)-SUMIF(Sale!C:C,Stock!B8,Sale!D:D) -> 250 | D8: =IF(C8<E8,"Low Stock","In Stock") -> In Stock | E8: 1 | F8: 250 | G8: 0 | H8: =G8*C8 -> 0
A9: 025C-8x8 | B9: 025C-8x8 | C9: =F9 + SUMIF(Purchase!C:C,Stock!B9,Purchase!D:D)-SUMIF(Sale!C:C,Stock!B9,Sale!D:D) -> 250 | D9: =IF(C9<E9,"Low Stock","In Stock") -> In Stock | E9: 1 | F9: 250 | G9: 0 | H9: =G9*C9 -> 0
A10: 025H-8x8 | B10: 025H-8x8 | C10: =F10 + SUMIF(Purchase!C:C,Stock!B10,Purchase!D:D)-SUMIF(Sale!C:C,Stock!B10,Sale!D:D) -> 250 | D10: =IF(C10<E10,"Low Stock","In Stock") -> In Stock | E10: 1 | F10: 250 | G10: 0 | H10: =G10*C10 -> 0
A11: 025F-8x8 | B11: 025F-8x8 | C11: =F11 + SUMIF(Purchase!C:C,Stock!B11,Purchase!D:D)-SUMIF(Sale!C:C,Stock!B11,Sale!D:D) -> 250 | D11: =IF(C11<E11,"Low Stock","In Stock") -> In Stock | E11: 1 | F11: 250 | G11: 0 | H11: =G11*C11 -> 0
A12: 025B-8x8 | B12: 025B-8x8 | C12: =F12 + SUMIF(Purchase!C:C,Stock!B12,Purchase!D:D)-SUMIF(Sale!C:C,Stock!B12,Sale!D:D) -> 250 | D12: =IF(C12<E12,"Low Stock","In Stock") -> In Stock | E12: 1 | F12: 250 | G12: 0 | H12: =G12*C12 -> 0
A13: 1035-10x10 | B13: 1035-10x10 | C13: =F13 + SUMIF(Purchase!C:C,Stock!B13,Purchase!D:D)-SUMIF(Sale!C:C,Stock!B13,Sale!D:D) -> 200 | D13: =IF(C13<E13,"Low Stock","In Stock") -> In Stock | E13: 1 | F13: 200 | G13: 0 | H13: =G13*C13 -> 0
A14: 1085-10x10 | B14: 1085-10x10 | C14: =F14 + SUMIF(Purchase!C:C,Stock!B14,Purchase!D:D)-SUMIF(Sale!C:C,Stock!B14,Sale!D:D) -> 200 | D14: =IF(C14<E14,"Low Stock","In Stock") -> In Stock | E14: 1 | F14: 200 | G14: 0 | H14: =G14*C14 -> 0
A15: 1015-10x10 | B15: 1015-10x10 | C15: =F15 + SUMIF(Purchase!C:C,Stock!B15,Purchase!D:D)-SUMIF(Sale!C:C,Stock!B15,Sale!D:D) -> 200 | D15: =IF(C15<E15,"Low Stock","In Stock") -> In Stock | E15: 1 | F15: 200 | G15: 0 | H15: =G15*C15 -> 0
A16: 1055-10x10 | B16: 1055-10x10 | C16: =F16 + SUMIF(Purchase!C:C,Stock!B16,Purchase!D:D)-SUMIF(Sale!C:C,Stock!B16,Sale!D:D) -> 200 | D16: =IF(C16<E16,"Low Stock","In Stock") -> In Stock | E16: 1 | F16: 200 | G16: 0 | H16: =G16*C16 -> 0
... A21: 1045-10x10 | B21: 1045-10x10 | C21: =F21 + SUMIF(Purchase!C:C,Stock!B21,Purchase!D:D)-SUMIF(Sale!C:C,Stock!B21,Sale!D:D) -> 190 | D21: =IF(C21<E21,"Low Stock","In Stock") -> In Stock | E21: 1 | F21: 190 | G21: 0 | H21: =G21*C21 -> 0
A22: 1135A-8x12 | B22: 1135A-8x12 | C22: =F22 + SUMIF(Purchase!C:C,Stock!B22,Purchase!D:D)-SUMIF(Sale!C:C,Stock!B22,Sale!D:D) -> 190 | D22: =IF(C22<E22,"Low Stock","In Stock") -> In Stock | E22: 1 | F22: 190 | G22: 0 | H22: =G22*C22 -> 0 | I22: CK AGAIN
A23: 1195A-8x12 | B23: 1195A-8x12 | C23: =F23 + SUMIF(Purchase!C:C,Stock!B23,Purchase!D:D)-SUMIF(Sale!C:C,Stock!B23,Sale!D:D) -> 200 | D23: =IF(C23<E23,"Low Stock","In Stock") -> In Stock | E23: 1 | F23: 200 | G23: 0 | H23: =G23*C23 -> 0 | I23: CK AGAIN
A24: 1185A-8x12 | B24: 1185A-8x12 | C24: =F24 + SUMIF(Purchase!C:C,Stock!B24,Purchase!D:D)-SUMIF(Sale!C:C,Stock!B24,Sale!D:D) -> 200 | D24: =IF(C24<E24,"Low Stock","In Stock") -> In Stock | E24: 1 | F24: 200 | G24: 0 | H24: =G24*C24 -> 0 | I24: CK AGAIN
A25: 1155A-8x12 | B25: 1155A-8x12 | C25: =F25 + SUMIF(Purchase!C:C,Stock!B25,Purchase!D:D)-SUMIF(Sale!C:C,Stock!B25,Sale!D:D) -> 210 | D25: =IF(C25<E25,"Low Stock","In Stock") -> In Stock | E25: 1 | F25: 210 | G25: 0 | H25: =G25*C25 -> 0 | I25: CK AGAIN
A26: 1154-8x12 | B26: 1154-8x12 | C26: =F26 + SUMIF(Purchase!C:C,Stock!B26,Purchase!D:D)-SUMIF(Sale!C:C,Stock!B26,Sale!D:D) -> 190 | D26: =IF(C26<E26,"Low Stock","In Stock") -> In Stock | E26: 1 | F26: 190 | G26: 0 | H26: =G26*C26 -> 0 | I26: CK AGAIN
A27: 1105A-8x12 | B27: 1105A-8x12 | C27: =F27 + SUMIF(Purchase!C:C,Stock!B27,Purchase!D:D)-SUMIF(Sale!C:C,Stock!B27,Sale!D:D) -> 210 | D27: =IF(C27<E27,"Low Stock","In Stock") -> In Stock | E27: 1 | F27: 210 | G27: 0 | H27: =G27*C27 -> 0 | I27: CK AGAIN
A28: 1175A-8x12 | B28: 1175A-8x12 | C28: =F28 + SUMIF(Purchase!C:C,Stock!B28,Purchase!D:D)-SUMIF(Sale!C:C,Stock!B28,Sale!D:D) -> 200 | D28: =IF(C28<E28,"Low Stock","In Stock") -> In Stock | E28: 1 | F28: 200 | G28: 0 | H28: =G28*C28 -> 0 | I28: CK AGAIN
A29: 1145-8x12 | B29: 1145-8x12 | C29: =F29 + SUMIF(Purchase!C:C,Stock!B29,Purchase!D:D)-SUMIF(Sale!C:C,Stock!B29,Sale!D:D) -> 200 | D29: =IF(C29<E29,"Low Stock","In Stock") -> In Stock | E29: 1 | F29: 200 | G29: 0 | H29: =G29*C29 -> 0 | I29: CK AGAIN
A30: 1125A-8x12 | B30: 1125A-8x12 | C30: =F30 + SUMIF(Purchase!C:C,Stock!B30,Purchase!D:D)-SUMIF(Sale!C:C,Stock!B30,Sale!D:D) -> 200 | D30: =IF(C30<E30,"Low Stock","In Stock") -> In Stock | E30: 1 | F30: 200 | G30: 0 | H30: =G30*C30 -> 0 | I30: CK AGAIN
A31: 1115A-8x12 | B31: 1115A-8x12 | C31: =F31 + SUMIF(Purchase!C:C,Stock!B31,Purchase!D:D)-SUMIF(Sale!C:C,Stock!B31,Sale!D:D) -> 190 | D31: =IF(C31<E31,"Low Stock","In Stock") -> In Stock | E31: 1 | F31: 190 | G31: 0 | H31: =G31*C31 -> 0 | I31: CK AGAIN
A32: 1045A-12x12 | B32: 1045A-12x12 | C32: =F32 + SUMIF(Purchase!C:C,Stock!B32,Purchase!D:D)-SUMIF(Sale!C:C,Stock!B32,Sale!D:D) -> 200 | D32: =IF(C32<E32,"Low Stock","In Stock") -> In Stock | E32: 1 | F32: 200 | G32: 0 | H32: =G32*C32 -> 0
A33: 1075A-12x12 | B33: 1075A-12x12 | C33: =F33 + SUMIF(Purchase!C:C,Stock!B33,Purchase!D:D)-SUMIF(Sale!C:C,Stock!B33,Sale!D:D) -> 200 | D33: =IF(C33<E33,"Low Stock","In Stock") -> In Stock | E33: 1 | F33: 200 | G33: 0 | H33: =G33*C33 -> 0
A34: 1015A-12x12 | B34: 1015A-12x12 | C34: =F34 + SUMIF(Purchase!C:C,Stock!B34,Purchase!D:D)-SUMIF(Sale!C:C,Stock!B34,Sale!D:D) -> 200 | D34: =IF(C34<E34,"Low Stock","In Stock") -> In Stock | E34: 1 | F34: 200 | G34: 0 | H34: =G34*C34 -> 0
A35: 1005A-12x12 | B35: 1005A-12x12 | C35: =F35 + SUMIF(Purchase!C:C,Stock!B35,Purchase!D:D)-SUMIF(Sale!C:C,Stock!B35,Sale!D:D) -> 200 | D35: =IF(C35<E35,"Low Stock","In Stock") -> In Stock | E35: 1 | F35: 200 | G35: 0 | H35: =G35*C35 -> 0
A36: 1035A-12x12 | B36: 1035A-12x12 | C36: =F36 + SUMIF(Purchase!C:C,Stock!B36,Purchase!D:D)-SUMIF(Sale!C:C,Stock!B36,Sale!D:D) -> 200 | D36: =IF(C36<E36,"Low Stock","In Stock") -> In Stock | E36: 1 | F36: 200 | G36: 0 | H36: =G36*C36 -> 0
A37: CT-41-12x12 | B37: CT-41-12x12 | C37: =F37 + SUMIF(Purchase!C:C,Stock!B37,Purchase!D:D)-SUMIF(Sale!C:C,Stock!B37,Sale!D:D) -> 200 | D37: =IF(C37<E37,"Low Stock","In Stock") -> In Stock | E37: 1 | F37: 200 | G37: 0 | H37: =G37*C37 -> 0
A38: CT-42-12x12 | B38: CT-42-12x12 | C38: =F38 + SUMIF(Purchase!C:C,Stock!B38,Purchase!D:D)-SUMIF(Sale!C:C,Stock!B38,Sale!D:D) -> 150 | D38: =IF(C38<E38,"Low Stock","In Stock") -> In Stock | E38: 1 | F38: 150 | G38: 0 | H38: =G38*C38 -> 0
A39: CT-43-12x12 | B39: CT-43-12x12 | C39: =F39 + SUMIF(Purchase!C:C,Stock!B39,Purchase!D:D)-SUMIF(Sale!C:C,Stock!B39,Sale!D:D) -> 150 | D39: =IF(C39<E39,"Low Stock","In Stock") -> In Stock | E39: 1 | F39: 150 | G39: 0 | H39: =G39*C39 -> 0
A40: 1125-10x15 | B40: 1125-10x15 | C40: =F40 + SUMIF(Purchase!C:C,Stock!B40,Purchase!D:D)-SUMIF(Sale!C:C,Stock!B40,Sale!D:D) -> 150 | D40: =IF(C40<E40,"Low Stock","In Stock") -> In Stock | E40: 1 | F40: 150 | G40: 0 | H40: =G40*C40 -> 0
A41: 1195A-10x15 | B41: 1195A-10x15 | C41: =F41 + SUMIF(Purchase!C:C,Stock!B41,Purchase!D:D)-SUMIF(Sale!C:C,Stock!B41,Sale!D:D) -> 150 | D41: =IF(C41<E41,"Low Stock","In Stock") -> In Stock | E41: 1 | F41: 150 | G41: 0 | H41: =G41*C41 -> 0
A42: 1185-10x15 | B42: 1185-10x15 | C42: =F42 + SUMIF(Purchase!C:C,Stock!B42,Purchase!D:D)-SUMIF(Sale!C:C,Stock!B42,Sale!D:D) -> 150 | D42: =IF(C42<E42,"Low Stock","In Stock") -> In Stock | E42: 1 | F42: 150 | G42: 0 | H42: =G42*C42 -> 0
A43: 1115-10x15 | B43: 1115-10x15 | C43: =F43 + SUMIF(Purchase!C:C,Stock!B43,Purchase!D:D)-SUMIF(Sale!C:C,Stock!B43,Sale!D:D) -> 150 | D43: =IF(C43<E43,"Low Stock","In Stock") -> In Stock | E43: 1 | F43: 150 | G43: 0 | H43: =G43*C43 -> 0
... A117: 7045-10x15 | B117: 7045-10x15 | C117: =F117 + SUMIF(Purchase!C:C,Stock!B117,Purchase!D:D)-SUMIF(Sale!C:C,Stock!B117,Sale!D:D) -> 30 | D117: =IF(C117<E117,"Low Stock","In Stock") -> In Stock | E117: 1 | F117: 30 | G117: 0 | H117: =G117*C117 -> 0
A118: 1373A-Big | B118: 1373A-Big | C118: =F118 + SUMIF(Purchase!C:C,Stock!B118,Purchase!D:D)-SUMIF(Sale!C:C,Stock!B118,Sale!D:D) -> 0 | D118: =IF(C118<E118,"Low Stock","In Stock") -> Low Stock | E118: 1 | F118: 0 | G118: 0 | H118: =G118*C118 -> 0 | I118: CK AGAIN
A119: 604A-Small | B119: 604A-Small | C119: =F119 + SUMIF(Purchase!C:C,Stock!B119,Purchase!D:D)-SUMIF(Sale!C:C,Stock!B119,Sale!D:D) -> 0 | D119: =IF(C119<E119,"Low Stock","In Stock") -> Low Stock | E119: 1 | F119: 0 | G119: 0 | H119: =G119*C119 -> 0 | I119: CK AGAIN
A120: 034B-7x10 | B120: 034B-7x10 | C120: =F120 + SUMIF(Purchase!C:C,Stock!B120,Purchase!D:D)-SUMIF(Sale!C:C,Stock!B120,Sale!D:D) -> 90 | D120: =IF(C120<E120,"Low Stock","In Stock") -> In Stock | E120: 1 | F120: 90 | G120: 0 | H120: =G120*C120 -> 0
A121: 034A-7x10 | B121: 034A-7x10 | C121: =F121 + SUMIF(Purchase!C:C,Stock!B121,Purchase!D:D)-SUMIF(Sale!C:C,Stock!B121,Sale!D:D) -> 90 | D121: =IF(C121<E121,"Low Stock","In Stock") -> In Stock | E121: 1 | F121: 90 | G121: 0 | H121: =G121*C121 -> 0
A122: 034C-7x10 | B122: 034C-7x10 | C122: =F122 + SUMIF(Purchase!C:C,Stock!B122,Purchase!D:D)-SUMIF(Sale!C:C,Stock!B122,Sale!D:D) -> 160 | D122: =IF(C122<E122,"Low Stock","In Stock") -> In Stock | E122: 1 | F122: 160 | G122: 0 | H122: =G122*C122 -> 0
A123: 034D-7x10 | B123: 034D-7x10 | C123: =F123 + SUMIF(Purchase!C:C,Stock!B123,Purchase!D:D)-SUMIF(Sale!C:C,Stock!B123,Sale!D:D) -> 150 | D123: =IF(C123<E123,"Low Stock","In Stock") -> In Stock | E123: 1 | F123: 150 | G123: 0 | H123: =G123*C123 -> 0
A124: 024C-8x8 | B124: 024C-8x8 | C124: =F124 + SUMIF(Purchase!C:C,Stock!B124,Purchase!D:D)-SUMIF(Sale!C:C,Stock!B124,Sale!D:D) -> 130 | D124: =IF(C124<E124,"Low Stock","In Stock") -> In Stock | E124: 1 | F124: 130 | G124: 0 | H124: =G124*C124 -> 0
A125: 024A-8x8 | B125: 024A-8x8 | C125: =F125 + SUMIF(Purchase!C:C,Stock!B125,Purchase!D:D)-SUMIF(Sale!C:C,Stock!B125,Sale!D:D) -> 50 | D125: =IF(C125<E125,"Low Stock","In Stock") -> In Stock | E125: 1 | F125: 50 | G125: 0 | H125: =G125*C125 -> 0
A126: 024D-8x8 | B126: 024D-8x8 | C126: =F126 + SUMIF(Purchase!C:C,Stock!B126,Purchase!D:D)-SUMIF(Sale!C:C,Stock!B126,Sale!D:D) -> 90 | D126: =IF(C126<E126,"Low Stock","In Stock") -> In Stock | E126: 1 | F126: 90 | G126: 0 | H126: =G126*C126 -> 0
A127: 183B-9x9 | B127: 183B-9x9 | C127: =F127 + SUMIF(Purchase!C:C,Stock!B127,Purchase!D:D)-SUMIF(Sale!C:C,Stock!B127,Sale!D:D) -> 50 | D127: =IF(C127<E127,"Low Stock","In Stock") -> In Stock | E127: 1 | F127: 50 | G127: 0 | H127: =G127*C127 -> 0
A128: 183B-400G | B128: 183B-400G | C128: =F128 + SUMIF(Purchase!C:C,Stock!B128,Purchase!D:D)-SUMIF(Sale!C:C,Stock!B128,Sale!D:D) -> 50 | D128: =IF(C128<E128,"Low Stock","In Stock") -> In Stock | E128: 1 | F128: 50 | G128: 0 | H128: =G128*C128 -> 0
A129: 183A-400G | B129: 183A-400G | C129: =F129 + SUMIF(Purchase!C:C,Stock!B129,Purchase!D:D)-SUMIF(Sale!C:C,Stock!B129,Sale!D:D) -> 120 | D129: =IF(C129<E129,"Low Stock","In Stock") -> In Stock | E129: 1 | F129: 120 | G129: 0 | H129: =G129*C129 -> 0
A130: 1134-8x12 | B130: 1134-8x12 | C130: =F130 + SUMIF(Purchase!C:C,Stock!B130,Purchase!D:D)-SUMIF(Sale!C:C,Stock!B130,Sale!D:D) -> 60 | D130: =IF(C130<E130,"Low Stock","In Stock") -> In Stock | E130: 1 | F130: 60 | G130: 0 | H130: =G130*C130 -> 0
A131: 1124-8x12 | B131: 1124-8x12 | C131: =F131 + SUMIF(Purchase!C:C,Stock!B131,Purchase!D:D)-SUMIF(Sale!C:C,Stock!B131,Sale!D:D) -> 20 | D131: =IF(C131<E131,"Low Stock","In Stock") -> In Stock | E131: 1 | F131: 20 | G131: 0 | H131: =G131*C131 -> 0
A132: 1104-8x12 | B132: 1104-8x12 | C132: =F132 + SUMIF(Purchase!C:C,Stock!B132,Purchase!D:D)-SUMIF(Sale!C:C,Stock!B132,Sale!D:D) -> 60 | D132: =IF(C132<E132,"Low Stock","In Stock") -> In Stock | E132: 1 | F132: 60 | G132: 0 | H132: =G132*C132 -> 0 | J132: 1104-8x12 | K132: 1104-8x12
A133: 1114-8x12 | B133: 1114-8x12 | C133: =F133 + SUMIF(Purchase!C:C,Stock!B133,Purchase!D:D)-SUMIF(Sale!C:C,Stock!B133,Sale!D:D) -> 10 | D133: =IF(C133<E133,"Low Stock","In Stock") -> In Stock | E133: 1 | F133: 10 | G133: 0 | H133: =G133*C133 -> 0 | J133: 1114-8x12 | K133: 1114-8x12
A134: 1144-8x12 | B134: 1144-8x12 | C134: =F134 + SUMIF(Purchase!C:C,Stock!B134,Purchase!D:D)-SUMIF(Sale!C:C,Stock!B134,Sale!D:D) -> 10 | D134: =IF(C134<E134,"Low Stock","In Stock") -> In Stock | E134: 1 | F134: 10 | G134: 0 | H134: =G134*C134 -> 0 | J134: 1144-8x12 | K134: 1144-8x12
A135: 1034-12x12 | B135: 1034-12x12 | C135: =F135 + SUMIF(Purchase!C:C,Stock!B135,Purchase!D:D)-SUMIF(Sale!C:C,Stock!B135,Sale!D:D) -> 10 | D135: =IF(C135<E135,"Low Stock","In Stock") -> In Stock | E135: 1 | F135: 10 | G135: 0 | H135: =G135*C135 -> 0 | J135: 1034-12x12 | K135: 1034-12x12
A136: 183B-12x12 | B136: 183B-12x12 | C136: =F136 + SUMIF(Purchase!C:C,Stock!B136,Purchase!D:D)-SUMIF(Sale!C:C,Stock!B136,Sale!D:D) -> 10 | D136: =IF(C136<E136,"Low Stock","In Stock") -> In Stock | E136: 1 | F136: 10 | G136: 0 | H136: =G136*C136 -> 0 | J136: 183B-12x12 | K136: 183B-12x12
A137: 183A-9x9 | B137: 183A-9x9 | C137: =F137 + SUMIF(Purchase!C:C,Stock!B137,Purchase!D:D)-SUMIF(Sale!C:C,Stock!B137,Sale!D:D) -> 120 | D137: =IF(C137<E137,"Low Stock","In Stock") -> In Stock | E137: 1 | F137: 120 | G137: 0 | H137: =G137*C137 -> 0 | J137: 183A-9x9 | K137: 183A-9x9
A138: 123-12x12 | B138: 123-12x12 | C138: =F138 + SUMIF(Purchase!C:C,Stock!B138,Purchase!D:D)-SUMIF(Sale!C:C,Stock!B138,Sale!D:D) -> 10 | D138: =IF(C138<E138,"Low Stock","In Stock") -> In Stock | E138: 1 | F138: 10 | G138: 0 | H138: =G138*C138 -> 0 | J138: 123-12x12 | K138: 123-12x12
A139: 1104-10x15 | B139: 1104-10x15 | C139: =F139 + SUMIF(Purchase!C:C,Stock!B139,Purchase!D:D)-SUMIF(Sale!C:C,Stock!B139,Sale!D:D) -> 10 | D139: =IF(C139<E139,"Low Stock","In Stock") -> In Stock | E139: 1 | F139: 10 | G139: 0 | H139: =G139*C139 -> 0 | J139: 1104-10x15 | K139: 1104-10x15
A140: 223A-3x1 | B140: 223A-3x1 | C140: =F140 + SUMIF(Purchase!C:C,Stock!B140,Purchase!D:D)-SUMIF(Sale!C:C,Stock!B140,Sale!D:D) -> 24 | D140: =IF(C140<E140,"Low Stock","In Stock") -> In Stock | E140: 1 | F140: 24 | G140: 0 | H140: =G140*C140 -> 0 | J140: 223A-3x1 | K140: 223A-3x1
A141: 324A-6x1 | B141: 324A-6x1 | C141: =F141 + SUMIF(Purchase!C:C,Stock!B141,Purchase!D:D)-SUMIF(Sale!C:C,Stock!B141,Sale!D:D) -> 6 | D141: =IF(C141<E141,"Low Stock","In Stock") -> In Stock | E141: 1 | F141: 6 | G141: 0 | H141: =G141*C141 -> 0 | J141: 324A-6x1 | K141: 324A-6x1
A142: 224B-6x1 | B142: 224B-6x1 | C142: =F142 + SUMIF(Purchase!C:C,Stock!B142,Purchase!D:D)-SUMIF(Sale!C:C,Stock!B142,Sale!D:D) -> 12 | D142: =IF(C142<E142,"Low Stock","In Stock") -> In Stock | E142: 1 | F142: 12 | G142: 0 | H142: =G142*C142 -> 0 | J142: 224B-6x1 | K142: 224B-6x1
A143: 264A-6x1 | B143: 264A-6x1 | C143: =F143 + SUMIF(Purchase!C:C,Stock!B143,Purchase!D:D)-SUMIF(Sale!C:C,Stock!B143,Sale!D:D) -> 6 | D143: =IF(C143<E143,"Low Stock","In Stock") -> In Stock | E143: 1 | F143: 6 | G143: 0 | H143: =G143*C143 -> 0 | J143: 264A-6x1 | K143: 264A-6x1
... A157: 243A-3x1 | B157: 243A-3x1 | C157: =F157 + SUMIF(Purchase!C:C,Stock!B157,Purchase!D:D)-SUMIF(Sale!C:C,Stock!B157,Sale!D:D) -> 24 | D157: =IF(C157<E157,"Low Stock","In Stock") -> In Stock | E157: 1 | F157: 24 | G157: 0 | H157: =G157*C157 -> 0 | J157: 243A-3x1 | K157: 243A-3x1
C158: =F158 + SUMIF(Purchase!C:C,Stock!B158,Purchase!D:D)-SUMIF(Sale!C:C,Stock!B158,Sale!D:D) -> 0 | D158: =IF(C158<E158,"Low Stock","In Stock") -> Low Stock | E158: 1 | F158: 0 | G158: 0 | H158: =G158*C158 -> 0
C159: =F159 + SUMIF(Purchase!C:C,Stock!B159,Purchase!D:D)-SUMIF(Sale!C:C,Stock!B159,Sale!D:D) -> 0 | D159: =IF(C159<E159,"Low Stock","In Stock") -> Low Stock | E159: 1 | F159: 0 | G159: 0 | H159: =G159*C159 -> 0
C160: =F160 + SUMIF(Purchase!C:C,Stock!B160,Purchase!D:D)-SUMIF(Sale!C:C,Stock!B160,Sale!D:D) -> 0 | D160: =IF(C160<E160,"Low Stock","In Stock") -> Low Stock | E160: 1 | F160: 0 | G160: 0 | H160: =G160*C160 -> 0
C161: =F161 + SUMIF(Purchase!C:C,Stock!B161,Purchase!D:D)-SUMIF(Sale!C:C,Stock!B161,Sale!D:D) -> 0 | D161: =IF(C161<E161,"Low Stock","In Stock") -> Low Stock | E161: 1 | F161: 0 | G161: 0 | H161: =G161*C161 -> 0
C162: =F162 + SUMIF(Purchase!C:C,Stock!B162,Purchase!D:D)-SUMIF(Sale!C:C,Stock!B162,Sale!D:D) -> 0 | D162: =IF(C162<E162,"Low Stock","In Stock") -> Low Stock | E162: 1 | F162: 0 | G162: 0 | H162: =G162*C162 -> 0
C163: =F163 + SUMIF(Purchase!C:C,Stock!B163,Purchase!D:D)-SUMIF(Sale!C:C,Stock!B163,Sale!D:D) -> 0 | D163: =IF(C163<E163,"Low Stock","In Stock") -> Low Stock | E163: 1 | F163: 0 | G163: 0 | H163: =G163*C163 -> 0
C164: =F164 + SUMIF(Purchase!C:C,Stock!B164,Purchase!D:D)-SUMIF(Sale!C:C,Stock!B164,Sale!D:D) -> 0 | D164: =IF(C164<E164,"Low Stock","In Stock") -> Low Stock | E164: 1 | F164: 0 | G164: 0 | H164: =G164*C164 -> 0
C165: =F165 + SUMIF(Purchase!C:C,Stock!B165,Purchase!D:D)-SUMIF(Sale!C:C,Stock!B165,Sale!D:D) -> 0 | D165: =IF(C165<E165,"Low Stock","In Stock") -> Low Stock | E165: 1 | F165: 0 | G165: 0 | H165: =G165*C165 -> 0
C166: =F166 + SUMIF(Purchase!C:C,Stock!B166,Purchase!D:D)-SUMIF(Sale!C:C,Stock!B166,Sale!D:D) -> 0 | D166: =IF(C166<E166,"Low Stock","In Stock") -> Low Stock | E166: 1 | F166: 0 | G166: 0 | H166: =G166*C166 -> 0
C167: =F167 + SUMIF(Purchase!C:C,Stock!B167,Purchase!D:D)-SUMIF(Sale!C:C,Stock!B167,Sale!D:D) -> 0 | D167: =IF(C167<E167,"Low Stock","In Stock") -> Low Stock | E167: 1 | F167: 0 | G167: 0 | H167: =G167*C167 -> 0
C168: =F168 + SUMIF(Purchase!C:C,Stock!B168,Purchase!D:D)-SUMIF(Sale!C:C,Stock!B168,Sale!D:D) -> 0 | D168: =IF(C168<E168,"Low Stock","In Stock") -> Low Stock | E168: 1 | F168: 0 | G168: 0 | H168: =G168*C168 -> 0
C169: =F169 + SUMIF(Purchase!C:C,Stock!B169,Purchase!D:D)-SUMIF(Sale!C:C,Stock!B169,Sale!D:D) -> 0 | D169: =IF(C169<E169,"Low Stock","In Stock") -> Low Stock | E169: 1 | F169: 0 | G169: 0 | H169: =G169*C169 -> 0
... C175: =F175 + SUMIF(Purchase!C:C,Stock!B175,Purchase!D:D)-SUMIF(Sale!C:C,Stock!B175,Sale!D:D) -> 0 | D175: =IF(C175<E175,"Low Stock","In Stock") -> Low Stock | E175: 1 | F175: 0 | G175: 0 | H175: =G175*C175 -> 0

Sheet Purchase
A1: Stock In
A3: Date | B3: CODE | C3: Product Name | D3: Quantity | E3: Price
C4: =VLOOKUP(B4,Stock!$A$2:$B$133,2,0) -> #N/A
C5: =VLOOKUP(B5,Stock!$A$2:$B$133,2,0) -> #N/A
C6: =VLOOKUP(B6,Stock!$A$2:$B$133,2,0) -> #N/A
C7: =VLOOKUP(B7,Stock!$A$2:$B$133,2,0) -> #N/A
C8: =VLOOKUP(B8,Stock!$A$2:$B$133,2,0) -> #N/A
C9: =VLOOKUP(B9,Stock!$A$2:$B$133,2,0) -> #N/A
C10: =VLOOKUP(B10,Stock!$A$2:$B$133,2,0) -> #N/A
C11: =VLOOKUP(B11,Stock!$A$2:$B$133,2,0) -> #N/A
C12: =VLOOKUP(B12,Stock!$A$2:$B$133,2,0) -> #N/A
C13: =VLOOKUP(B13,Stock!$A$2:$B$133,2,0) -> #N/A
C14: =VLOOKUP(B14,Stock!$A$2:$B$133,2,0) -> #N/A
C15: =VLOOKUP(B15,Stock!$A$2:$B$133,2,0) -> #N/A
... C704: =VLOOKUP(B704,Stock!$A$2:$B$133,2,0) -> #N/A

Sheet Sale
A1: Stock Out
A3: Date | B3: CODE | C3: Product Name | D3: Quantity | E3: price
C4: =VLOOKUP(B4,Stock!$A$2:$B$133,2,0) -> #N/A
C5: =VLOOKUP(B5,Stock!$A$2:$B$133,2,0) -> #N/A
C6: =VLOOKUP(B6,Stock!$A$2:$B$133,2,0) -> #N/A
C7: =VLOOKUP(B7,Stock!$A$2:$B$133,2,0) -> #N/A
C8: =VLOOKUP(B8,Stock!$A$2:$B$133,2,0) -> #N/A
C9: =VLOOKUP(B9,Stock!$A$2:$B$133,2,0) -> #N/A
C10: =VLOOKUP(B10,Stock!$A$2:$B$133,2,0) -> #N/A
C11: =VLOOKUP(B11,Stock!$A$2:$B$133,2,0) -> #N/A
C12: =VLOOKUP(B12,Stock!$A$2:$B$133,2,0) -> #N/A
C13: =VLOOKUP(B13,Stock!$A$2:$B$133,2,0) -> #N/A
C14: =VLOOKUP(B14,Stock!$A$2:$B$133,2,0) -> #N/A
C15: =VLOOKUP(B15,Stock!$A$2:$B$133,2,0) -> #N/A
... C1739: =VLOOKUP(B1739,Stock!$A$2:$B$133,2,0) -> #N/A

Sheet Sheet1
